insert into F18_2_Restaurant (rest_id, name, locality, zip_code, city, base_delivery_charge, commision_offered) values (1, 'Noah', '817 Sommers Place', '59190-000', 'Canguaretama', 13, 8);
insert into F18_2_Restaurant (rest_id, name, locality, zip_code, city, base_delivery_charge, commision_offered) values (2, 'Skipton', '4680 Kim Plaza', '1408', 'Gorno Orizari', 31, 8);
insert into F18_2_Restaurant (rest_id, name, locality, zip_code, city, base_delivery_charge, commision_offered) values (3, 'Dredi', '4626 Northfield Circle', '37-511', 'Jagiełła', 20, 7);
insert into F18_2_Restaurant (rest_id, name, locality, zip_code, city, base_delivery_charge, commision_offered) values (4, 'Wileen', '0 Petterle Place', 78956, 'Huallanca', 78, 1);
insert into F18_2_Restaurant (rest_id, name, locality, zip_code, city, base_delivery_charge, commision_offered) values (5, 'Pattie', '77841 Mariners Cove Road', '1175', 'Getulio', 13, 8);
insert into F18_2_Restaurant (rest_id, name, locality, zip_code, city, base_delivery_charge, commision_offered) values (6, 'Valentine', '12715 Carpenter Court', 45632, 'Nuevitas', 31, 3);
insert into F18_2_Restaurant (rest_id, name, locality, zip_code, city, base_delivery_charge, commision_offered) values (7, 'Elsie', '4839 Lighthouse Bay Trail', 12365, 'Krajan', 12, 7);
insert into F18_2_Restaurant (rest_id, name, locality, zip_code, city, base_delivery_charge, commision_offered) values (8, 'Chucho', '909 Mitchell Point', 45698, 'Chengguan', 69, 10);
insert into F18_2_Restaurant (rest_id, name, locality, zip_code, city, base_delivery_charge, commision_offered) values (9, 'Leda', '36048 Blaine Road', 123645, 'Banjar Ambengan', 37, 9);
insert into F18_2_Restaurant (rest_id, name, locality, zip_code, city, base_delivery_charge, commision_offered) values (10, 'Stefa', '8 Shoshone Street', '05-840', 'Brwinów', 68, 2);
insert into F18_2_Restaurant (rest_id, name, locality, zip_code, city, base_delivery_charge, commision_offered) values (11, 'Amara', '0375 Lyons Road', 78954, 'Nangalimang', 47, 9);
insert into F18_2_Restaurant (rest_id, name, locality, zip_code, city, base_delivery_charge, commision_offered) values (12, 'Kinny', '94714 Erie Hill', 12365, 'Jatisari', 60, 4);
insert into F18_2_Restaurant (rest_id, name, locality, zip_code, city, base_delivery_charge, commision_offered) values (13, 'Guenevere', '52 Steensland Circle', 12547, 'Mērsrags', 50, 5);
insert into F18_2_Restaurant (rest_id, name, locality, zip_code, city, base_delivery_charge, commision_offered) values (14, 'Dawn', '81 Springview Pass', 'DL8', 'Carlton', 25, 10);
insert into F18_2_Restaurant (rest_id, name, locality, zip_code, city, base_delivery_charge, commision_offered) values (15, 'Lebbie', '210 Corry Avenue', '601808', 'Sosnovyy Bor', 86, 5);
insert into F18_2_Restaurant (rest_id, name, locality, zip_code, city, base_delivery_charge, commision_offered) values (16, 'Christophe', '9485 Vermont Pass', 14785, 'Jos', 28, 4);
insert into F18_2_Restaurant (rest_id, name, locality, zip_code, city, base_delivery_charge, commision_offered) values (17, 'Heath', '176 Maple Wood Crossing', 78965, 'Purwokerto', 83, 4);
insert into F18_2_Restaurant (rest_id, name, locality, zip_code, city, base_delivery_charge, commision_offered) values (18, 'Mommy', '6 Anzinger Point', 12365, 'Argalastí', 61, 2);
insert into F18_2_Restaurant (rest_id, name, locality, zip_code, city, base_delivery_charge, commision_offered) values (19, 'Maryrose', '46 Stoughton Way', 78965, 'Taman', 29, 9);
insert into F18_2_Restaurant (rest_id, name, locality, zip_code, city, base_delivery_charge, commision_offered) values (20, 'Mohandas', '788 Mosinee Way', '7740', 'Veliki Preslav', 96, 8);
insert into F18_2_Restaurant (rest_id, name, locality, zip_code, city, base_delivery_charge, commision_offered) values (21, 'Cyrillus', '11 Reinke Court', 14523, 'Cocachacra', 32, 9);
insert into F18_2_Restaurant (rest_id, name, locality, zip_code, city, base_delivery_charge, commision_offered) values (22, 'Nanci', '84895 Barnett Terrace', '352144', 'Dmitriyevskaya', 96, 9);
insert into F18_2_Restaurant (rest_id, name, locality, zip_code, city, base_delivery_charge, commision_offered) values (23, 'Jonathan', '43 Portage Junction', '50625', 'El Tejocote', 71, 4);
insert into F18_2_Restaurant (rest_id, name, locality, zip_code, city, base_delivery_charge, commision_offered) values (24, 'Ursa', '92906 North Pass', 'MD-5519', 'Rîbniţa', 94, 9);
insert into F18_2_Restaurant (rest_id, name, locality, zip_code, city, base_delivery_charge, commision_offered) values (25, 'Kimble', '240 Beilfuss Circle', 78956, 'Jiantianjie', 72, 2);
insert into F18_2_Restaurant (rest_id, name, locality, zip_code, city, base_delivery_charge, commision_offered) values (26, 'Dewie', '284 Esch Place', 12365, 'Poigar', 71, 10);
insert into F18_2_Restaurant (rest_id, name, locality, zip_code, city, base_delivery_charge, commision_offered) values (27, 'Bambie', '62 Duke Crossing', 78965, 'Cicurug', 100, 1);
insert into F18_2_Restaurant (rest_id, name, locality, zip_code, city, base_delivery_charge, commision_offered) values (28, 'Wilton', '0738 Emmet Pass', '504 75', 'Borås', 58, 8);
insert into F18_2_Restaurant (rest_id, name, locality, zip_code, city, base_delivery_charge, commision_offered) values (29, 'Dieter', '477 Pankratz Pass', '45300-000', 'Amargosa', 20, 3);
insert into F18_2_Restaurant (rest_id, name, locality, zip_code, city, base_delivery_charge, commision_offered) values (30, 'Barnaby', '15 Northwestern Place', '71326', 'Valvedditturai', 92, 7);
insert into F18_2_Restaurant (rest_id, name, locality, zip_code, city, base_delivery_charge, commision_offered) values (31, 'Sebastien', '23 Melrose Hill', '357371', 'Podkumskiy', 35, 6);
insert into F18_2_Restaurant (rest_id, name, locality, zip_code, city, base_delivery_charge, commision_offered) values (32, 'Marys', '97 Lotheville Center', '67150', 'Ubon Ratchathani', 70, 7);
insert into F18_2_Restaurant (rest_id, name, locality, zip_code, city, base_delivery_charge, commision_offered) values (33, 'Karoline', '27 Nobel Junction', 14785, 'Rurrenabaque', 20, 5);
insert into F18_2_Restaurant (rest_id, name, locality, zip_code, city, base_delivery_charge, commision_offered) values (34, 'Brear', '50 Canary Way', 12365, 'Padangtepung', 29, 1);
insert into F18_2_Restaurant (rest_id, name, locality, zip_code, city, base_delivery_charge, commision_offered) values (35, 'Erica', '3037 Commercial Drive', 78965, 'Mavingouni', 45, 10);
insert into F18_2_Restaurant (rest_id, name, locality, zip_code, city, base_delivery_charge, commision_offered) values (36, 'Stavro', '00 Weeping Birch Plaza', '58865-000', 'São Bento', 17, 8);
insert into F18_2_Restaurant (rest_id, name, locality, zip_code, city, base_delivery_charge, commision_offered) values (37, 'Enrichetta', '526 Londonderry Park', 76013, 'Kyrylivka', 16, 5);
insert into F18_2_Restaurant (rest_id, name, locality, zip_code, city, base_delivery_charge, commision_offered) values (38, 'Rosanna', '8181 Luster Junction', '85801', 'Haapajärvi', 72, 1);
insert into F18_2_Restaurant (rest_id, name, locality, zip_code, city, base_delivery_charge, commision_offered) values (39, 'Aliza', '26472 Sunbrook Avenue', '63-816', 'Gostyń', 80, 8);
insert into F18_2_Restaurant (rest_id, name, locality, zip_code, city, base_delivery_charge, commision_offered) values (40, 'Cammie', '9 Milwaukee Avenue', '4903', 'Bagong Sikat', 19, 7);
insert into F18_2_Restaurant (rest_id, name, locality, zip_code, city, base_delivery_charge, commision_offered) values (41, 'Kevin', '7991 Jackson Avenue', '18650-000', 'São Manuel', 44, 7);
insert into F18_2_Restaurant (rest_id, name, locality, zip_code, city, base_delivery_charge, commision_offered) values (42, 'Valenka', '426 Village Green Avenue', '0815', 'Duiwelskloof', 64, 5);
insert into F18_2_Restaurant (rest_id, name, locality, zip_code, city, base_delivery_charge, commision_offered) values (43, 'Ira', '7 Continental Center', '08204', 'Sabadell', 46, 6);
insert into F18_2_Restaurant (rest_id, name, locality, zip_code, city, base_delivery_charge, commision_offered) values (44, 'Eddi', '8 Upham Plaza', '34114 CEDEX', 'Frontignan', 30, 10);
insert into F18_2_Restaurant (rest_id, name, locality, zip_code, city, base_delivery_charge, commision_offered) values (45, 'Allyson', '5 Ridgeway Lane', 78965, 'Jinhe', 79, 10);
insert into F18_2_Restaurant (rest_id, name, locality, zip_code, city, base_delivery_charge, commision_offered) values (46, 'Christan', '1 Darwin Place', 14569, 'Bazzāryah', 83, 1);
insert into F18_2_Restaurant (rest_id, name, locality, zip_code, city, base_delivery_charge, commision_offered) values (47, 'Antoni', '20974 Hanover Point', 14785, 'Bayan Uula Sumu', 26, 3);
insert into F18_2_Restaurant (rest_id, name, locality, zip_code, city, base_delivery_charge, commision_offered) values (48, 'Perry', '08 Coleman Park', 12335, 'San Gabriel', 48, 5);
insert into F18_2_Restaurant (rest_id, name, locality, zip_code, city, base_delivery_charge, commision_offered) values (49, 'Frederica', '27756 Kennedy Alley', '6529', 'Camp Flora', 99, 9);
insert into F18_2_Restaurant (rest_id, name, locality, zip_code, city, base_delivery_charge, commision_offered) values (50, 'Seymour', '92 American Ash Pass', '507009', 'Acacías', 49, 5);





insert into F18_2_Menu_Item  (item_id, item_name, item_category, cuisine, dietary_preference, price, rest_id) values (1, 'Soul food', 'Blue-plate special', 'Nouvelle', 'Non-vegetarian', 97, 15);
insert into F18_2_Menu_Item  (item_id, item_name, item_category, cuisine, dietary_preference, price, rest_id) values (2, 'Surf and turf', 'Domesticated turkey', 'Vegan cuisine', 'Vegetarian', 83, 46);
insert into F18_2_Menu_Item  (item_id, item_name, item_category, cuisine, dietary_preference, price, rest_id) values (3, 'Succotash', 'Burnt ends', 'Vegetarian cuisine', 'Vegetarian', 59, 34);
insert into F18_2_Menu_Item  (item_id, item_name, item_category, cuisine, dietary_preference, price, rest_id) values (4, 'Sausage gravy', 'Seafood cocktail', 'Note by Note cuisine', 'Non-vegetarian', 53, 46);
insert into F18_2_Menu_Item  (item_id, item_name, item_category, cuisine, dietary_preference, price, rest_id) values (5, 'Domesticated turkey', 'Rolled oyster', 'Nouvelle cuisine', 'Non-vegetarian', 57, 23);
insert into F18_2_Menu_Item  (item_id, item_name, item_category, cuisine, dietary_preference, price, rest_id) values (6, 'Tuna casserole', 'Jerky', 'Note by Note cuisine', 'Non-vegetarian', 90, 27);
insert into F18_2_Menu_Item  (item_id, item_name, item_category, cuisine, dietary_preference, price, rest_id) values (7, 'Stuffed ham', 'Macaroni salad', 'Vegan cuisine', 'Vegetarian', 58, 17);
insert into F18_2_Menu_Item  (item_id, item_name, item_category, cuisine, dietary_preference, price, rest_id) values (8, 'Meatloaf', 'Rabbit pie', 'Note by Note cuisine', 'Non-vegetarian', 99, 1);
insert into F18_2_Menu_Item  (item_id, item_name, item_category, cuisine, dietary_preference, price, rest_id) values (9, 'Rabbit pie', 'Corn dog', 'Vegetarian cuisine', 'Vegetarian', 68, 14);
insert into F18_2_Menu_Item  (item_id, item_name, item_category, cuisine, dietary_preference, price, rest_id) values (10, 'Carne pizzaiola', 'Turducken', 'Vegetarian cuisine', 'Vegetarian', 87, 43);
insert into F18_2_Menu_Item  (item_id, item_name, item_category, cuisine, dietary_preference, price, rest_id) values (11, 'Poppyseed muffin', 'Muffuletta', 'Fusion cuisine', 'Vegetarian', 77, 15);
insert into F18_2_Menu_Item  (item_id, item_name, item_category, cuisine, dietary_preference, price, rest_id) values (12, 'Succotash', 'Pulled pork', 'Vegan cuisine', 'Vegetarian', 78, 2);
insert into F18_2_Menu_Item  (item_id, item_name, item_category, cuisine, dietary_preference, price, rest_id) values (13, 'Doughnut', 'Senate bean soup', 'Fusion cuisine', 'Vegetarian', 59, 18);
insert into F18_2_Menu_Item  (item_id, item_name, item_category, cuisine, dietary_preference, price, rest_id) values (14, 'Blue cheese dressing', 'Maraca pie', 'Vegan cuisine', 'Vegetarian', 63, 10);
insert into F18_2_Menu_Item  (item_id, item_name, item_category, cuisine, dietary_preference, price, rest_id) values (15, 'Energy bar', 'Steak sandwich', 'Fusion cuisine', 'Non-Vegetarian', 54, 30);
insert into F18_2_Menu_Item  (item_id, item_name, item_category, cuisine, dietary_preference, price, rest_id) values (16, 'Italian dressing', 'Mission burrito', 'Nouvelle cuisine', 'Vegetarian', 74, 17);
insert into F18_2_Menu_Item  (item_id, item_name, item_category, cuisine, dietary_preference, price, rest_id) values (17, 'Doughnut', 'Sloppy joe', 'Fusion cuisine', 'Vegetarian', 95, 10);
insert into F18_2_Menu_Item  (item_id, item_name, item_category, cuisine, dietary_preference, price, rest_id) values (18, 'Beef Manhattan', 'Soul food', 'Haute cuisine', 'Non-vegetarian', 81, 50);
insert into F18_2_Menu_Item  (item_id, item_name, item_category, cuisine, dietary_preference, price, rest_id) values (19, 'Milkshake', 'Pancakes', 'Haute cuisine', 'Vegetarian', 89, 50);
insert into F18_2_Menu_Item  (item_id, item_name, item_category, cuisine, dietary_preference, price, rest_id) values (20, 'Mulligan stew', 'Meatloaf', 'Vegetarian cuisine', 'Vegetarian', 72, 10);
insert into F18_2_Menu_Item  (item_id, item_name, item_category, cuisine, dietary_preference, price, rest_id) values (21, 'Popover', 'Cheese dog', 'Nouvelle cuisine', 'Non-vegetarian', 73, 4);
insert into F18_2_Menu_Item  (item_id, item_name, item_category, cuisine, dietary_preference, price, rest_id) values (22, 'Pasta salad', 'Clam chowder', 'Vegan cuisine', 'Vegetarian', 71, 14);
insert into F18_2_Menu_Item  (item_id, item_name, item_category, cuisine, dietary_preference, price, rest_id) values (23, 'French dip', 'Jell-O', 'Fusion cuisine', 'Vegetarian', 94, 30);
insert into F18_2_Menu_Item  (item_id, item_name, item_category, cuisine, dietary_preference, price, rest_id) values (24, 'French dip', 'Cordon bleu', 'Fusion cuisine', 'Vegetarian', 83, 41);
insert into F18_2_Menu_Item  (item_id, item_name, item_category, cuisine, dietary_preference, price, rest_id) values (25, 'Tetrazzini', 'Vichyssoise', 'Note by Note cuisine', 'Vegetarian', 70, 9);
insert into F18_2_Menu_Item  (item_id, item_name, item_category, cuisine, dietary_preference, price, rest_id) values (26, 'Milk toast', 'Tuna casserole', 'Note by Note cuisine', 'Non-vegetarian', 69, 40);
insert into F18_2_Menu_Item  (item_id, item_name, item_category, cuisine, dietary_preference, price, rest_id) values (27, 'London broil', 'Meatcake', 'Note by Note cuisine', 'Non-vegetarian', 97, 37);
insert into F18_2_Menu_Item  (item_id, item_name, item_category, cuisine, dietary_preference, price, rest_id) values (28, 'Carolina style', 'Lobster roll', 'Fusion cuisine', 'Non-vegetarian', 76, 18);
insert into F18_2_Menu_Item  (item_id, item_name, item_category, cuisine, dietary_preference, price, rest_id) values (29, 'Lobster roll', 'Carne pizzaiola', 'Haute cuisine', 'Non-vegetarian', 66, 20);
insert into F18_2_Menu_Item  (item_id, item_name, item_category, cuisine, dietary_preference, price, rest_id) values (30, 'Steak sandwich', 'Turducken', 'Nouvelle cuisine', 'Non-vegetarian', 89, 37);
insert into F18_2_Menu_Item  (item_id, item_name, item_category, cuisine, dietary_preference, price, rest_id) values (31, 'Chili con carne', 'Russian tea cake', 'Vegetarian cuisine', 'Vegetarian', 89, 50);
insert into F18_2_Menu_Item  (item_id, item_name, item_category, cuisine, dietary_preference, price, rest_id) values (32, 'Butter cookie', 'Chips and dip', 'Haute cuisine', 'Vegetarian', 98, 30);
insert into F18_2_Menu_Item  (item_id, item_name, item_category, cuisine, dietary_preference, price, rest_id) values (33, 'Choco pie', 'Succotash', 'Haute cuisine', 'Vegetarian', 69, 23);
insert into F18_2_Menu_Item  (item_id, item_name, item_category, cuisine, dietary_preference, price, rest_id) values (34, 'Domesticated turkey', 'Chowder', 'Vegetarian cuisine', 'Vegetarian', 52, 22);
insert into F18_2_Menu_Item  (item_id, item_name, item_category, cuisine, dietary_preference, price, rest_id) values (35, 'Swiss steak', 'Frybread', 'Haute cuisine', 'Non-vegetarian', 54, 36);
insert into F18_2_Menu_Item  (item_id, item_name, item_category, cuisine, dietary_preference, price, rest_id) values (36, 'Corn relish', 'Hog fry', 'Fusion cuisine', 'Vegetarian', 96, 25);
insert into F18_2_Menu_Item  (item_id, item_name, item_category, cuisine, dietary_preference, price, rest_id) values (37, 'Corn dog', 'Fajita', 'Nouvelle cuisine', 'Vegetarian', 56, 8);
insert into F18_2_Menu_Item  (item_id, item_name, item_category, cuisine, dietary_preference, price, rest_id) values (38, 'Corn flakes', 'Chili con carne', 'Nouvelle cuisine', 'Vegetarian', 99, 16);
insert into F18_2_Menu_Item  (item_id, item_name, item_category, cuisine, dietary_preference, price, rest_id) values (39, 'Tuna casserole', 'Russian tea cake', 'Note by Note cuisine', 'Non-vegetarian', 94, 37);
insert into F18_2_Menu_Item  (item_id, item_name, item_category, cuisine, dietary_preference, price, rest_id) values (40, 'Corn chowder', 'Haystack', 'Note by Note cuisine', 'Vegetarian', 98, 10);
insert into F18_2_Menu_Item  (item_id, item_name, item_category, cuisine, dietary_preference, price, rest_id) values (41, 'Chicken fingers', 'Cordon bleu', 'Note by Note cuisine', 'Non-vegetarian', 64, 30);
insert into F18_2_Menu_Item  (item_id, item_name, item_category, cuisine, dietary_preference, price, rest_id) values (42, 'Chicken fried bacon', 'Chicken à la King', 'Nouvelle cuisine', 'Non-vegetarian', 53, 43);
insert into F18_2_Menu_Item  (item_id, item_name, item_category, cuisine, dietary_preference, price, rest_id) values (43, 'Domesticated turkey', 'Cheesesteak', 'Note by Note cuisine', 'Non-vegetarian', 66, 42);
insert into F18_2_Menu_Item  (item_id, item_name, item_category, cuisine, dietary_preference, price, rest_id) values (44, 'Russian dressing', 'Pastrami', 'Vegan cuisine', 'Vegetarian', 99, 45);
insert into F18_2_Menu_Item  (item_id, item_name, item_category, cuisine, dietary_preference, price, rest_id) values (45, 'Sonofabitch stew', 'Chicken fingers', 'Fusion cuisine', 'Non-vegetarian', 68, 14);
insert into F18_2_Menu_Item  (item_id, item_name, item_category, cuisine, dietary_preference, price, rest_id) values (46, 'Steak sauce', 'Salisbury steak', 'Nouvelle cuisine', 'Non-vegetarian', 100, 6);
insert into F18_2_Menu_Item  (item_id, item_name, item_category, cuisine, dietary_preference, price, rest_id) values (47, 'Clam cake', 'Macaroni salad', 'Vegan cuisine', 'Vegetarian', 96, 32);
insert into F18_2_Menu_Item  (item_id, item_name, item_category, cuisine, dietary_preference, price, rest_id) values (48, 'Pumpkin pie', 'City chicken', 'Vegetarian cuisine', 'Vegetarian', 65, 34);
insert into F18_2_Menu_Item  (item_id, item_name, item_category, cuisine, dietary_preference, price, rest_id) values (50, 'Barbecue', 'Sandwich', 'Vegan cuisine', 'Vegetarian', 65, 39);
insert into F18_2_Menu_Item  (item_id, item_name, item_category, cuisine, dietary_preference, price, rest_id) values (51, 'Pigs in blankets', 'Chili con carne', 'Fusion cuisine', 'Non-vegetarian', 55, 4);
insert into F18_2_Menu_Item  (item_id, item_name, item_category, cuisine, dietary_preference, price, rest_id) values (52, 'Patty', 'Popcorn', 'Haute cuisine', 'Vegetarian', 79, 5);
insert into F18_2_Menu_Item  (item_id, item_name, item_category, cuisine, dietary_preference, price, rest_id) values (53, 'Jell-O', 'Ice cream cake', 'Fusion cuisine', 'Vegetarian', 55, 39);
insert into F18_2_Menu_Item  (item_id, item_name, item_category, cuisine, dietary_preference, price, rest_id) values (54, 'Muffuletta', 'Fortune cookie', 'Vegan cuisine', 'Vegetarian', 67, 22);
insert into F18_2_Menu_Item  (item_id, item_name, item_category, cuisine, dietary_preference, price, rest_id) values (55, 'Stuffed zucchini', 'Haystack', 'Vegetarian cuisine', 'Vegetarian', 79, 42);
insert into F18_2_Menu_Item  (item_id, item_name, item_category, cuisine, dietary_preference, price, rest_id) values (56, 'Poppyseed muffin', 'Fajita', 'Fusion cuisine', 'Vegetarian', 75, 3);
insert into F18_2_Menu_Item  (item_id, item_name, item_category, cuisine, dietary_preference, price, rest_id) values (57, 'Fortune cookie', 'Potato skins', 'Fusion cuisine', 'Vegetarian', 100, 2);
insert into F18_2_Menu_Item  (item_id, item_name, item_category, cuisine, dietary_preference, price, rest_id) values (58, 'Calf''s liver and bacon', 'Stuffed ham', 'Nouvelle cuisine', 'Non-vegetarian', 78, 31);
insert into F18_2_Menu_Item  (item_id, item_name, item_category, cuisine, dietary_preference, price, rest_id) values (59, 'Vichyssoise', 'Jell-O', 'Fusion cuisine', 'Vegetarian', 83, 42);
insert into F18_2_Menu_Item  (item_id, item_name, item_category, cuisine, dietary_preference, price, rest_id) values (60, 'Meatcake', 'Squab', 'Note by Note cuisine', 'Non-vegetarian', 91, 16);
insert into F18_2_Menu_Item  (item_id, item_name, item_category, cuisine, dietary_preference, price, rest_id) values (61, 'Eggs Neptune', 'German chocolate cake', 'Vegan cuisine', 'Vegetarian', 85, 40);
insert into F18_2_Menu_Item  (item_id, item_name, item_category, cuisine, dietary_preference, price, rest_id) values (62, 'Lobster roll', 'Fortune cookie', 'Fusion cuisine', 'Non-vegetarian', 67, 8);
insert into F18_2_Menu_Item  (item_id, item_name, item_category, cuisine, dietary_preference, price, rest_id) values (63, 'Buffalo burger', 'Waffle', 'Vegetarian cuisine', 'Vegetarian', 95, 13);
insert into F18_2_Menu_Item  (item_id, item_name, item_category, cuisine, dietary_preference, price, rest_id) values (64, 'Fortune cookie', 'Vichyssoise', 'Vegetarian cuisine', 'Vegetarian', 57, 50);
insert into F18_2_Menu_Item  (item_id, item_name, item_category, cuisine, dietary_preference, price, rest_id) values (65, 'Bookbinder soup', 'Soul food', 'Note by Note cuisine', 'Vegetarian', 58, 2);
insert into F18_2_Menu_Item  (item_id, item_name, item_category, cuisine, dietary_preference, price, rest_id) values (66, 'Fry sauce', 'Italian-American cuisine', 'Fusion cuisine', 'Vegetarian', 76, 31);
insert into F18_2_Menu_Item  (item_id, item_name, item_category, cuisine, dietary_preference, price, rest_id) values (67, 'Tomato compote', 'Succotash', 'Nouvelle cuisine', 'Vegetarian', 59, 27);
insert into F18_2_Menu_Item  (item_id, item_name, item_category, cuisine, dietary_preference, price, rest_id) values (68, 'Eggs Benedict', 'Chili dog', 'Nouvelle cuisine', 'Vegetarian', 100, 22);
insert into F18_2_Menu_Item  (item_id, item_name, item_category, cuisine, dietary_preference, price, rest_id) values (69, 'Ploye', 'Maple bacon donut', 'Haute cuisine', 'Non-vegetarian', 79, 17);
insert into F18_2_Menu_Item  (item_id, item_name, item_category, cuisine, dietary_preference, price, rest_id) values (70, 'Deviled crab', 'Pemmican', 'Nouvelle cuisine', 'Non-vegetarian', 78, 39);
insert into F18_2_Menu_Item  (item_id, item_name, item_category, cuisine, dietary_preference, price, rest_id) values (71, 'Ammonia cookie', 'Lobster roll', 'Haute cuisine', 'Non-vegetarian', 99, 13);
insert into F18_2_Menu_Item  (item_id, item_name, item_category, cuisine, dietary_preference, price, rest_id) values (72, 'Chicken sandwich', 'Eggo', 'Vegan cuisine', 'Vegetarian', 96, 12);
insert into F18_2_Menu_Item  (item_id, item_name, item_category, cuisine, dietary_preference, price, rest_id) values (73, 'Engastration', 'Drunken chicken', 'Vegan cuisine', 'Vegetarian', 83, 12);
insert into F18_2_Menu_Item  (item_id, item_name, item_category, cuisine, dietary_preference, price, rest_id) values (74, 'London broil', 'Potato wedges', 'Fusion cuisine', 'Vegetarian', 96, 7);
insert into F18_2_Menu_Item  (item_id, item_name, item_category, cuisine, dietary_preference, price, rest_id) values (75, 'Juba', 'Chicken French', 'Fusion cuisine', 'Non-vegetarian', 76, 25);
insert into F18_2_Menu_Item  (item_id, item_name, item_category, cuisine, dietary_preference, price, rest_id) values (76, 'Chicago-style pizza', 'Smelt', 'Fusion cuisine', 'Vegetarian', 58, 34);
insert into F18_2_Menu_Item  (item_id, item_name, item_category, cuisine, dietary_preference, price, rest_id) values (77, 'Energy bar', 'Carolina style', 'Nouvelle cuisine', 'Vegetarian', 66, 3);
insert into F18_2_Menu_Item  (item_id, item_name, item_category, cuisine, dietary_preference, price, rest_id) values (78, 'Barbecue', 'White chocolate', 'Note by Note cuisine', 'Vegetarian', 77, 15);
insert into F18_2_Menu_Item  (item_id, item_name, item_category, cuisine, dietary_preference, price, rest_id) values (79, 'Patty', 'Steak sandwich', 'Vegan cuisine', 'Vegetarian', 61, 24);
insert into F18_2_Menu_Item  (item_id, item_name, item_category, cuisine, dietary_preference, price, rest_id) values (80, 'City chicken', 'Muffuletta', 'Fusion cuisine', 'Non-vegetarian', 87, 10);
insert into F18_2_Menu_Item  (item_id, item_name, item_category, cuisine, dietary_preference, price, rest_id) values (81, 'Potato skins', 'Poppyseed muffin', 'Vegetarian cuisine', 'Vegetarian', 80, 40);
insert into F18_2_Menu_Item  (item_id, item_name, item_category, cuisine, dietary_preference, price, rest_id) values (82, 'Pickled cucumber', 'Jerky', 'Nouvelle cuisine', 'Vegetarian', 65, 32);
insert into F18_2_Menu_Item  (item_id, item_name, item_category, cuisine, dietary_preference, price, rest_id) values (83, 'Burnt ends', 'Burnt ends', 'Vegetarian cuisine', 'Vegetarian', 67, 48);
insert into F18_2_Menu_Item  (item_id, item_name, item_category, cuisine, dietary_preference, price, rest_id) values (84, 'Chicken à la King', 'Buffalo burger', 'Vegetarian cuisine', 'Vegetarian', 62, 28);
insert into F18_2_Menu_Item  (item_id, item_name, item_category, cuisine, dietary_preference, price, rest_id) values (85, 'Chicken fingers', 'Macaroni and cheese', 'Vegetarian cuisine', 'Vegetarian', 66, 2);
insert into F18_2_Menu_Item  (item_id, item_name, item_category, cuisine, dietary_preference, price, rest_id) values (86, 'Pastrami', 'Choco pie', 'Vegetarian cuisine', 'Vegetarian', 93, 44);
insert into F18_2_Menu_Item  (item_id, item_name, item_category, cuisine, dietary_preference, price, rest_id) values (87, 'Home fries', 'Chili dog', 'Note by Note cuisine', 'Non-vegetarian', 94, 21);
insert into F18_2_Menu_Item  (item_id, item_name, item_category, cuisine, dietary_preference, price, rest_id) values (88, 'Juba', 'Fortune cookie', 'Haute cuisine', 'Vegetarian', 56, 13);
insert into F18_2_Menu_Item  (item_id, item_name, item_category, cuisine, dietary_preference, price, rest_id) values (89, 'Chicken fried steak', 'Macaroni and cheese', 'Vegetarian cuisine', 'Vegetarian', 91, 16);
insert into F18_2_Menu_Item  (item_id, item_name, item_category, cuisine, dietary_preference, price, rest_id) values (90, 'Smelt', 'Bookbinder soup', 'Haute cuisine', 'Vegetarian', 83, 16);
insert into F18_2_Menu_Item  (item_id, item_name, item_category, cuisine, dietary_preference, price, rest_id) values (91, 'Fried fish', 'Grits', 'Vegan cuisine', 'Vegetarian', 61, 24);
insert into F18_2_Menu_Item  (item_id, item_name, item_category, cuisine, dietary_preference, price, rest_id) values (92, 'Breakfast burrito', 'Breakfast burrito', 'Haute cuisine', 'Vegetarian', 94, 8);
insert into F18_2_Menu_Item  (item_id, item_name, item_category, cuisine, dietary_preference, price, rest_id) values (93, 'Chicken and waffles', 'Hamburger', 'Note by Note cuisine', 'Non-vegetarian', 94, 44);
insert into F18_2_Menu_Item  (item_id, item_name, item_category, cuisine, dietary_preference, price, rest_id) values (94, 'Barbecue', 'Corn relish', 'Haute cuisine', 'Vegetarian', 100, 2);
insert into F18_2_Menu_Item  (item_id, item_name, item_category, cuisine, dietary_preference, price, rest_id) values (95, 'French dip', 'City chicken', 'Vegetarian cuisine', 'Vegetarian', 92, 43);
insert into F18_2_Menu_Item  (item_id, item_name, item_category, cuisine, dietary_preference, price, rest_id) values (96, 'Chicken nugget', 'Russian dressing', 'Vegetarian cuisine', 'Vegetarian', 74, 20);
insert into F18_2_Menu_Item  (item_id, item_name, item_category, cuisine, dietary_preference, price, rest_id) values (97, 'Chicken sandwich', 'Sausage gravy', 'Fusion cuisine', 'Non-vegetarian', 84, 48);
insert into F18_2_Menu_Item  (item_id, item_name, item_category, cuisine, dietary_preference, price, rest_id) values (98, 'Crab cake', 'Milk chocolate', 'Nouvelle cuisine', 'Non-vegetarian', 93, 8);
insert into F18_2_Menu_Item  (item_id, item_name, item_category, cuisine, dietary_preference, price, rest_id) values (99, 'Cheesesteak', 'London broil', 'Note by Note cuisine', 'Non-vegetarian', 73, 40);
insert into F18_2_Menu_Item  (item_id, item_name, item_category, cuisine, dietary_preference, price, rest_id) values (100, 'Chicken and waffles', 'Chowder', 'Note by Note cuisine', 'Non-vegetarian', 92, 2);




insert into F18_2_Customer  (customer_id, name, phone_number, zip_code, city, locality) values (1, 'Binni', '505-221-5507', 76123, 'Shangjin', '7 Butterfield Center');
insert into F18_2_Customer  (customer_id, name, phone_number, zip_code, city, locality) values (2, 'Dolley', '589-453-1276', 76073, 'Caacupé', '36210 Sloan Drive');
insert into F18_2_Customer  (customer_id, name, phone_number, zip_code, city, locality) values (3, 'Lukas', '864-844-8736', '410018', 'Neiva', '62 Dorton Road');
insert into F18_2_Customer  (customer_id, name, phone_number, zip_code, city, locality) values (4, 'Zebulen', '790-409-1925', 400087, 'Kastsyukowka', '654 Garrison Court');
insert into F18_2_Customer  (customer_id, name, phone_number, zip_code, city, locality) values (6, 'June', '334-882-1691', 56087, 'Selorejo', '815 Goodland Parkway');
insert into F18_2_Customer  (customer_id, name, phone_number, zip_code, city, locality) values (7, 'Marian', '820-148-1117', '64500', 'Szamotuły', '79 Evergreen Court');
insert into F18_2_Customer  (customer_id, name, phone_number, zip_code, city, locality) values (8, 'Tarrance', '249-575-5229', '66120', 'Bang Mun Nak', '088 Garrison Point');
insert into F18_2_Customer  (customer_id, name, phone_number, zip_code, city, locality) values (9, 'Klaus', '265-939-4535', 48878, 'Tumxuk', '2632 Reindahl Junction');
insert into F18_2_Customer  (customer_id, name, phone_number, zip_code, city, locality) values (10, 'Maudie', '115-972-4096', 23654, 'Balitai', '77 Dryden Way');
insert into F18_2_Customer  (customer_id, name, phone_number, zip_code, city, locality) values (11, 'Rivalee', '888-527-1260', 98756, 'Cikulina', '3 Grayhawk Way');
insert into F18_2_Customer  (customer_id, name, phone_number, zip_code, city, locality) values (12, 'Margot', '974-407-1420', '89762', 'Francisco Villa', '6292 Kinsman Way');
insert into F18_2_Customer  (customer_id, name, phone_number, zip_code, city, locality) values (13, 'Maurise', '717-625-4876', 'J1K', 'Invermere', '126 Tennessee Terrace');
insert into F18_2_Customer  (customer_id, name, phone_number, zip_code, city, locality) values (14, 'Briana', '780-482-9031', '40951', 'Muurame', '773 Clarendon Park');
insert into F18_2_Customer  (customer_id, name, phone_number, zip_code, city, locality) values (15, 'Lionel', '423-283-7643', '37410', 'Chattanooga', '416 Butternut Street');
insert into F18_2_Customer  (customer_id, name, phone_number, zip_code, city, locality) values (16, 'Cornelia', '949-729-4523', 54698, 'Perlez', '9 Mccormick Point');
insert into F18_2_Customer  (customer_id, name, phone_number, zip_code, city, locality) values (17, 'Charmian', '776-892-2833', '25532', 'Kuantan', '8913 Butternut Alley');
insert into F18_2_Customer  (customer_id, name, phone_number, zip_code, city, locality) values (18, 'Jacklyn', '385-624-8807', 85697, 'Pasrukrajan Satu', '5310 American Ash Terrace');
insert into F18_2_Customer  (customer_id, name, phone_number, zip_code, city, locality) values (19, 'Guy', '235-174-7270', '80130', 'Ron Phibun', '2 Sugar Junction');
insert into F18_2_Customer  (customer_id, name, phone_number, zip_code, city, locality) values (20, 'Vernen', '650-571-6960', '55840-000', 'Lagoa do Itaenga', '5699 Fisk Parkway');
insert into F18_2_Customer  (customer_id, name, phone_number, zip_code, city, locality) values (21, 'Marna', '375-163-5086', 12365, 'Poigar', '0887 Bunting Hill');
insert into F18_2_Customer  (customer_id, name, phone_number, zip_code, city, locality) values (22, 'Homerus', '280-130-0073', 40056, 'Jiyang', '6 Butterfield Place');
insert into F18_2_Customer  (customer_id, name, phone_number, zip_code, city, locality) values (23, 'Lenette', '736-668-5354', '1114', 'Salvacion', '6183 Oak Hill');
insert into F18_2_Customer  (customer_id, name, phone_number, zip_code, city, locality) values (24, 'Darrin', '866-893-7332', '373-0862', 'Ōta', '04447 Manitowish Street');
insert into F18_2_Customer  (customer_id, name, phone_number, zip_code, city, locality) values (25, 'Gerri', '158-952-1223', '569 92', 'Bystré', '6648 Ruskin Way');
insert into F18_2_Customer  (customer_id, name, phone_number, zip_code, city, locality) values (26, 'Vinnie', '156-537-4351', '252 68', 'Helsingborg', '3486 Johnson Alley');
insert into F18_2_Customer  (customer_id, name, phone_number, zip_code, city, locality) values (27, 'Timofei', '346-835-5187', 'BS14', 'Whitchurch', '8587 Muir Terrace');
insert into F18_2_Customer  (customer_id, name, phone_number, zip_code, city, locality) values (28, 'Sol', '445-146-8470', '31180', 'Buriram', '759 Northwestern Hill');
insert into F18_2_Customer  (customer_id, name, phone_number, zip_code, city, locality) values (29, 'Andie', '811-851-9096', 56897, 'Ar Ruţbah', '437 Stephen Drive');
insert into F18_2_Customer  (customer_id, name, phone_number, zip_code, city, locality) values (30, 'Rriocard', '212-988-0677', '11499', 'Jamaica', '89294 Stoughton Court');
insert into F18_2_Customer  (customer_id, name, phone_number, zip_code, city, locality) values (31, 'Frazer', '650-914-0744', '50351', 'Kladruby', '56327 Acker Terrace');
insert into F18_2_Customer  (customer_id, name, phone_number, zip_code, city, locality) values (32, 'Herc', '778-971-3606', 56874, 'Rundeng', '1 Blaine Street');
insert into F18_2_Customer  (customer_id, name, phone_number, zip_code, city, locality) values (33, 'Cole', '864-919-2977', '641334', 'Ketovo', '73232 Anniversary Court');
insert into F18_2_Customer  (customer_id, name, phone_number, zip_code, city, locality) values (34, 'Trish', '634-488-2152', 23651, 'Al Badārī', '03034 Hanson Crossing');
insert into F18_2_Customer  (customer_id, name, phone_number, zip_code, city, locality) values (35, 'Yulma', '367-416-8857', 40087, 'Kishk-e Nakhūd', '226 Orin Hill');
insert into F18_2_Customer  (customer_id, name, phone_number, zip_code, city, locality) values (36, 'Kally', '947-892-9672', '76013', 'Rawson', '8 Kinsman Trail');
insert into F18_2_Customer  (customer_id, name, phone_number, zip_code, city, locality) values (37, 'Ceil', '492-645-0863', 76012, 'Wang’er', '09 Charing Cross Court');
insert into F18_2_Customer  (customer_id, name, phone_number, zip_code, city, locality) values (38, 'Cristiano', '560-690-7511', 56821, 'Fāraskūr', '1 Cardinal Plaza');
insert into F18_2_Customer  (customer_id, name, phone_number, zip_code, city, locality) values (39, 'Giuditta', '550-672-4778', '393400', 'Znamenka', '8 Dwight Avenue');
insert into F18_2_Customer  (customer_id, name, phone_number, zip_code, city, locality) values (40, 'Chaddie', '914-114-7331', 44561, 'Cẩm Phả', '1906 Packers Center');
insert into F18_2_Customer  (customer_id, name, phone_number, zip_code, city, locality) values (41, 'Ethe', '894-405-4152', 45621, 'Qalandiyā', '41319 Summer Ridge Trail');
insert into F18_2_Customer  (customer_id, name, phone_number, zip_code, city, locality) values (42, 'Caspar', '995-154-3095', 45698, 'Tangqian', '65218 Stang Parkway');
insert into F18_2_Customer  (customer_id, name, phone_number, zip_code, city, locality) values (43, 'Alyosha', '532-582-4954', '347820', 'Likhovskoy', '8 Crescent Oaks Parkway');
insert into F18_2_Customer  (customer_id, name, phone_number, zip_code, city, locality) values (44, 'Case', '658-223-6811', 45623, 'Upper Hell''s Gate', '2147 Towne Street');
insert into F18_2_Customer  (customer_id, name, phone_number, zip_code, city, locality) values (45, 'Ogdon', '672-601-6310', '06-450', 'Glinojeck', '0893 Division Way');
insert into F18_2_Customer  (customer_id, name, phone_number, zip_code, city, locality) values (46, 'Iseabal', '668-648-2527', '78151', 'Garhi Yāsīn', '24 Anzinger Road');
insert into F18_2_Customer  (customer_id, name, phone_number, zip_code, city, locality) values (47, 'Dorry', '589-167-2032', '25190', 'Mae Fa Luang', '4529 Independence Junction');
insert into F18_2_Customer  (customer_id, name, phone_number, zip_code, city, locality) values (48, 'Bibbye', '984-187-2254', '454092', 'Chelyabinsk', '3 Dorton Street');
insert into F18_2_Customer  (customer_id, name, phone_number, zip_code, city, locality) values (49, 'Theobald', '723-168-8577', 400087, 'Filothéi', '308 Pine View Street');
insert into F18_2_Customer  (customer_id, name, phone_number, zip_code, city, locality) values (50, 'Gary', '900-948-1905', 12365, 'Qiaogu', '936 Dennis Pass');
insert into F18_2_Customer  (customer_id, name, phone_number, zip_code, city, locality) values (51, 'Lambert', '728-600-1236', 45623, 'Jagistay', '6 Graceland Crossing');
insert into F18_2_Customer  (customer_id, name, phone_number, zip_code, city, locality) values (52, 'Normie', '421-305-7099', '4560-750', 'Além', '39680 Continental Court');
insert into F18_2_Customer  (customer_id, name, phone_number, zip_code, city, locality) values (53, 'Morissa', '498-807-4748', '88827', 'Kota Kinabalu', '8 Rigney Pass');
insert into F18_2_Customer  (customer_id, name, phone_number, zip_code, city, locality) values (54, 'Roselle', '787-985-8420', '15800-000', 'Catanduva', '2993 Longview Pass');
insert into F18_2_Customer  (customer_id, name, phone_number, zip_code, city, locality) values (55, 'Archibaldo', '258-168-5023', 12356, 'Rodolívos', '56 Tennessee Point');
insert into F18_2_Customer  (customer_id, name, phone_number, zip_code, city, locality) values (56, 'Martha', '629-960-9811', '53000', 'Gospić', '9921 Mallard Junction');
insert into F18_2_Customer  (customer_id, name, phone_number, zip_code, city, locality) values (57, 'Beaufort', '646-973-9706', '692659', 'Novoshakhtinskiy', '120 Dapin Road');
insert into F18_2_Customer  (customer_id, name, phone_number, zip_code, city, locality) values (58, 'Roobbie', '614-885-6247', 125874, 'Sepahua', '8467 Sullivan Pass');
insert into F18_2_Customer  (customer_id, name, phone_number, zip_code, city, locality) values (59, 'Colas', '887-131-0077', '91716', 'Benito Juarez', '1883 Canary Circle');
insert into F18_2_Customer  (customer_id, name, phone_number, zip_code, city, locality) values (60, 'Archer', '112-296-7293', 12547, 'Xinshichang', '59531 Toban Point');
insert into F18_2_Customer  (customer_id, name, phone_number, zip_code, city, locality) values (61, 'Marin', '847-864-3423', '187052', 'Lyuban’', '9 Sutteridge Junction');
insert into F18_2_Customer  (customer_id, name, phone_number, zip_code, city, locality) values (62, 'Kennedy', '270-289-4681', '03184', 'Torrevieja', '8586 Swallow Place');
insert into F18_2_Customer  (customer_id, name, phone_number, zip_code, city, locality) values (63, 'Giraud', '626-815-2922', '574 28', 'Vetlanda', '35 Kenwood Park');
insert into F18_2_Customer  (customer_id, name, phone_number, zip_code, city, locality) values (64, 'Lotty', '994-964-0827', 25631, 'Titiakar', '71981 Anzinger Alley');
insert into F18_2_Customer  (customer_id, name, phone_number, zip_code, city, locality) values (65, 'Germain', '835-520-3746', '3850', 'Eshowe', '9 Wayridge Parkway');
insert into F18_2_Customer  (customer_id, name, phone_number, zip_code, city, locality) values (66, 'Vivyanne', '388-468-5093', '48744', 'Santa Cecilia', '64296 Green Circle');
insert into F18_2_Customer  (customer_id, name, phone_number, zip_code, city, locality) values (67, 'Shawn', '385-583-7430', 85479, 'Baizhifang', '80 Dryden Avenue');
insert into F18_2_Customer  (customer_id, name, phone_number, zip_code, city, locality) values (68, 'Babita', '399-764-1007', 56214, 'Gaigeturi', '05176 Merrick Street');
insert into F18_2_Customer  (customer_id, name, phone_number, zip_code, city, locality) values (69, 'Carissa', '615-901-3922', '6216', 'Bacong', '20211 Lyons Court');
insert into F18_2_Customer  (customer_id, name, phone_number, zip_code, city, locality) values (70, 'Silva', '860-343-9049', '06145', 'Hartford', '3 Mandrake Hill');
insert into F18_2_Customer  (customer_id, name, phone_number, zip_code, city, locality) values (71, 'Julia', '649-531-4989', 78546, 'Nay Pyi Taw', '99063 Vahlen Lane');
insert into F18_2_Customer  (customer_id, name, phone_number, zip_code, city, locality) values (72, 'Ammamaria', '580-749-4489', '402-0056', 'Ōtsuki', '34 Oak Valley Drive');
insert into F18_2_Customer  (customer_id, name, phone_number, zip_code, city, locality) values (73, 'Loraine', '980-441-1640', '87500-000', 'Umuarama', '72628 Weeping Birch Road');
insert into F18_2_Customer  (customer_id, name, phone_number, zip_code, city, locality) values (74, 'Katharina', '217-653-2533', '79480-000', 'Rio Verde de Mato Grosso', '8 Birchwood Plaza');
insert into F18_2_Customer  (customer_id, name, phone_number, zip_code, city, locality) values (75, 'Neel', '146-642-0754', 14587, 'Nandaime', '73501 David Place');
insert into F18_2_Customer  (customer_id, name, phone_number, zip_code, city, locality) values (76, 'Petronille', '668-734-1745', '42275 CEDEX', 'Saint-Priest-en-Jarez', '8466 Haas Plaza');
insert into F18_2_Customer  (customer_id, name, phone_number, zip_code, city, locality) values (77, 'Duky', '511-646-7550', 78456, 'Thanh Chương', '71472 Walton Point');
insert into F18_2_Customer  (customer_id, name, phone_number, zip_code, city, locality) values (78, 'Krishnah', '150-372-8183', '9663', 'Bothaville', '7563 Cody Avenue');
insert into F18_2_Customer  (customer_id, name, phone_number, zip_code, city, locality) values (79, 'Zilvia', '953-784-3317', 76013, 'Wolomoni', '9 Weeping Birch Parkway');
insert into F18_2_Customer  (customer_id, name, phone_number, zip_code, city, locality) values (80, 'Glynn', '727-504-7724', 76014, 'Maranganí', '5 Bunker Hill Avenue');
insert into F18_2_Customer  (customer_id, name, phone_number, zip_code, city, locality) values (81, 'Fidelia', '919-761-3564', '352177', 'Ventsy', '9 Di Loreto Court');
insert into F18_2_Customer  (customer_id, name, phone_number, zip_code, city, locality) values (82, 'Antin', '791-357-1578', n, 'Za‘tarah', '8 Helena Circle');
insert into F18_2_Customer  (customer_id, name, phone_number, zip_code, city, locality) values (83, 'Biddie', '296-777-7321', 78546, 'Feyẕābād', '6607 Browning Way');
insert into F18_2_Customer  (customer_id, name, phone_number, zip_code, city, locality) values (84, 'Vick', '460-827-1895', '3600', 'Piña', '28641 Kings Avenue');
insert into F18_2_Customer  (customer_id, name, phone_number, zip_code, city, locality) values (85, 'Bess', '398-602-5925', '649140', 'Turochak', '4 Doe Crossing Center');
insert into F18_2_Customer  (customer_id, name, phone_number, zip_code, city, locality) values (86, 'Minta', '670-867-9011', '41015', 'Sevilla', '6465 Hollow Ridge Way');
insert into F18_2_Customer  (customer_id, name, phone_number, zip_code, city, locality) values (87, 'Colleen', '206-340-2875', 45874, 'Lacabamba', '523 Dovetail Trail');
insert into F18_2_Customer  (customer_id, name, phone_number, zip_code, city, locality) values (88, 'Hank', '163-323-1430', '369-0137', 'Kōnosu', '830 Porter Court');
insert into F18_2_Customer  (customer_id, name, phone_number, zip_code, city, locality) values (89, 'Welby', '772-827-7063', '2907', 'Marcos', '324 Manufacturers Avenue');
insert into F18_2_Customer  (customer_id, name, phone_number, zip_code, city, locality) values (90, 'Nichole', '394-697-4311', 23658, 'Pazarić', '39 Westport Place');
insert into F18_2_Customer  (customer_id, name, phone_number, zip_code, city, locality) values (91, 'Wallis', '878-244-3685', 56974, 'Gunungputri', '110 Judy Parkway');
insert into F18_2_Customer  (customer_id, name, phone_number, zip_code, city, locality) values (92, 'Meghann', '938-858-5016', 56952, 'Tashang', '2480 Golf Road');
insert into F18_2_Customer  (customer_id, name, phone_number, zip_code, city, locality) values (93, 'Drake', '399-138-6728', '10030', 'San José El Ídolo', '70 Sutherland Plaza');
insert into F18_2_Customer  (customer_id, name, phone_number, zip_code, city, locality) values (94, 'Prudy', '754-182-2960', '11737', 'Stockholm', '25 Browning Center');
insert into F18_2_Customer  (customer_id, name, phone_number, zip_code, city, locality) values (95, 'June', '731-454-2294', 23614, 'Kavār', '89 Sycamore Way');
insert into F18_2_Customer  (customer_id, name, phone_number, zip_code, city, locality) values (96, 'Elizabet', '731-261-8933', '4625-604', 'Lourido', '8 Welch Terrace');
insert into F18_2_Customer  (customer_id, name, phone_number, zip_code, city, locality) values (97, 'Berkie', '401-629-9345', 36987, 'Urzhar', '50289 Raven Avenue');
insert into F18_2_Customer  (customer_id, name, phone_number, zip_code, city, locality) values (98, 'Marni', '261-291-0083', '57480-000', 'Delmiro Gouveia', '6269 Clemons Hill');
insert into F18_2_Customer  (customer_id, name, phone_number, zip_code, city, locality) values (99, 'Gabey', '725-967-9388', 52361, 'Xishui', '716 Dapin Circle');
insert into F18_2_Customer  (customer_id, name, phone_number, zip_code, city, locality) values (100, 'Gerri', '565-317-1077', 87956, 'Wāling', '643 Lakeland Trail');




insert into F18_2_Delievery_Agent (da_id, first_name, last_name, mobile_number, zip_code, dob, work_location, shift_opted) values (1, 'Devina', 'Janson', '6123993071', '55123', TO_DATE('1990/01/21', 'YYYY/MM/DD'), 'Saint Paul', 'night');
insert into F18_2_Delievery_Agent (da_id, first_name, last_name, mobile_number, zip_code, dob, work_location, shift_opted) values (2, 'Cosette', 'Perse', '8599638387', '39830-000', TO_DATE('1985/02/03', 'YYYY/MM/DD'), 'Itambacuri', 'night');
insert into F18_2_Delievery_Agent (da_id, first_name, last_name, mobile_number, zip_code, dob, work_location, shift_opted) values (3, 'Bonni', 'Trethewey', '8453074199', '11805', TO_DATE('1990/01/08', 'YYYY/MM/DD'), 'Otra Banda', 'night');
insert into F18_2_Delievery_Agent (da_id, first_name, last_name, mobile_number, zip_code, dob, work_location, shift_opted) values (4, 'Chevalier', 'Pointer', '8702510004', 87542, TO_DATE('1989/09/17', 'YYYY/MM/DD'), 'Gaobeijie', 'night');
insert into F18_2_Delievery_Agent (da_id, first_name, last_name, mobile_number, zip_code, dob, work_location, shift_opted) values (5, 'Ali', 'Nathan', '1297354513', 25456, TO_DATE('1983/03/09', 'YYYY/MM/DD'), 'Pingshan', 'afternoon');
insert into F18_2_Delievery_Agent (da_id, first_name, last_name, mobile_number, zip_code, dob, work_location, shift_opted) values (6, 'Sholom', 'Zimmermanns', '3376106755', 78454, TO_DATE('1985/10/09', 'YYYY/MM/DD'), 'Pancur', 'evening');
insert into F18_2_Delievery_Agent (da_id, first_name, last_name, mobile_number, zip_code, dob, work_location, shift_opted) values (7, 'Jody', 'Dwelley', '4254333536', 78956, TO_DATE('1985/08/13', 'YYYY/MM/DD'), 'Shetan', 'afternoon');
insert into F18_2_Delievery_Agent (da_id, first_name, last_name, mobile_number, zip_code, dob, work_location, shift_opted) values (8, 'Nicole', 'Nuscha', '6323646282', '5849', TO_DATE('1990/07/06', 'YYYY/MM/DD'), 'Bergen', 'evening');
insert into F18_2_Delievery_Agent (da_id, first_name, last_name, mobile_number, zip_code, dob, work_location, shift_opted) values (9, 'Davidson', 'Scutter', '9768191242', '00971', TO_DATE('1986/10/07', 'YYYY/MM/DD'), 'Guaynabo', 'evening');
insert into F18_2_Delievery_Agent (da_id, first_name, last_name, mobile_number, zip_code, dob, work_location, shift_opted) values (10, 'Natty', 'Skowcraft', '9558004467', '66120', TO_DATE('1989/05/18', 'YYYY/MM/DD'), 'Bang Mun Nak', 'afternoon');
insert into F18_2_Delievery_Agent (da_id, first_name, last_name, mobile_number, zip_code, dob, work_location, shift_opted) values (11, 'Eddi', 'Brettel', '7265163766', '523068', TO_DATE('1981/08/13', 'YYYY/MM/DD'), 'Iles', 'evening');
insert into F18_2_Delievery_Agent (da_id, first_name, last_name, mobile_number, zip_code, dob, work_location, shift_opted) values (12, 'Tomkin', 'Ciottoi', '4953470890', 12365, TO_DATE('1982/02/22', 'YYYY/MM/DD'), 'Qalqīlyah', 'afternoon');
insert into F18_2_Delievery_Agent (da_id, first_name, last_name, mobile_number, zip_code, dob, work_location, shift_opted) values (13, 'Parke', 'Stapforth', '5585793107', '3814', TO_DATE('1987/07/26', 'YYYY/MM/DD'), 'Bay-ang', 'morning');
insert into F18_2_Delievery_Agent (da_id, first_name, last_name, mobile_number, zip_code, dob, work_location, shift_opted) values (14, 'Shannan', 'Schwieso', '1189557940', 'L6R', TO_DATE('1983/07/02', 'YYYY/MM/DD'), 'Gibsons', 'evening');
insert into F18_2_Delievery_Agent (da_id, first_name, last_name, mobile_number, zip_code, dob, work_location, shift_opted) values (15, 'Gwenette', 'Duesbury', '8519100014', '5155-104', TO_DATE('1982/08/26', 'YYYY/MM/DD'), 'Custóias', 'morning');
insert into F18_2_Delievery_Agent (da_id, first_name, last_name, mobile_number, zip_code, dob, work_location, shift_opted) values (16, 'Chan', 'Millwall', '5886882444', 56987, TO_DATE('1986/09/21', 'YYYY/MM/DD'), 'El Pino', 'night');
insert into F18_2_Delievery_Agent (da_id, first_name, last_name, mobile_number, zip_code, dob, work_location, shift_opted) values (17, 'Silvanus', 'Norster', '2305284636', '01540', TO_DATE('1985/02/20', 'YYYY/MM/DD'), 'Kangar', 'morning');
insert into F18_2_Delievery_Agent (da_id, first_name, last_name, mobile_number, zip_code, dob, work_location, shift_opted) values (18, 'Belicia', 'Corps', '5677674328', 76013, TO_DATE('1981/11/15', 'YYYY/MM/DD'), 'Tengqiao', 'morning');
insert into F18_2_Delievery_Agent (da_id, first_name, last_name, mobile_number, zip_code, dob, work_location, shift_opted) values (19, 'Melicent', 'Welbelove', '8287672720', 76012, TO_DATE('1984/09/21', 'YYYY/MM/DD'), 'Sidu', 'night');
insert into F18_2_Delievery_Agent (da_id, first_name, last_name, mobile_number, zip_code, dob, work_location, shift_opted) values (20, 'Rollo', 'Coo', '3072673847', 23654, TO_DATE('1984/06/25', 'YYYY/MM/DD'), 'Mouzourás', 'night');
insert into F18_2_Delievery_Agent (da_id, first_name, last_name, mobile_number, zip_code, dob, work_location, shift_opted) values (21, 'Hildy', 'Laguerre', '9075823692', 89561, TO_DATE('1981/07/19', 'YYYY/MM/DD'), 'Lepaterique', 'evening');
insert into F18_2_Delievery_Agent (da_id, first_name, last_name, mobile_number, zip_code, dob, work_location, shift_opted) values (22, 'Nessy', 'Renhard', '4054607927', '73135', TO_DATE('1982/06/01', 'YYYY/MM/DD'), 'Oklahoma City', 'evening');
insert into F18_2_Delievery_Agent (da_id, first_name, last_name, mobile_number, zip_code, dob, work_location, shift_opted) values (23, 'Jayme', 'MacMickan', '7335848926', '42222', TO_DATE('1988/10/08', 'YYYY/MM/DD'), 'Ljubešćica', 'morning');
insert into F18_2_Delievery_Agent (da_id, first_name, last_name, mobile_number, zip_code, dob, work_location, shift_opted) values (24, 'Lida', 'Kenwin', '2331272489', '26300-000', TO_DATE('1988/10/29', 'YYYY/MM/DD'), 'Queimados', 'morning');
insert into F18_2_Delievery_Agent (da_id, first_name, last_name, mobile_number, zip_code, dob, work_location, shift_opted) values (25, 'Kevina', 'Beller', '8147572452', '83-010', TO_DATE('1983/01/02', 'YYYY/MM/DD'), 'Kowale', 'night');
insert into F18_2_Delievery_Agent (da_id, first_name, last_name, mobile_number, zip_code, dob, work_location, shift_opted) values (26, 'Tammie', 'Vogele', '2544151785', '36121', TO_DATE('1986/09/04', 'YYYY/MM/DD'), 'Mīrwāh Gorchani', 'morning');
insert into F18_2_Delievery_Agent (da_id, first_name, last_name, mobile_number, zip_code, dob, work_location, shift_opted) values (27, 'Justin', 'Birch', '3789296416', '1917', TO_DATE('1984/04/20', 'YYYY/MM/DD'), 'Frederiksberg', 'evening');
insert into F18_2_Delievery_Agent (da_id, first_name, last_name, mobile_number, zip_code, dob, work_location, shift_opted) values (28, 'Alexi', 'Heber', '4547875246', 12365, TO_DATE('1987/02/06', 'YYYY/MM/DD'), 'Hezhang', 'night');
insert into F18_2_Delievery_Agent (da_id, first_name, last_name, mobile_number, zip_code, dob, work_location, shift_opted) values (29, 'Niki', 'Valdes', '2083499555', '96610-000', TO_DATE('1985/11/24', 'YYYY/MM/DD'), 'Encruzilhada do Sul', 'evening');
insert into F18_2_Delievery_Agent (da_id, first_name, last_name, mobile_number, zip_code, dob, work_location, shift_opted) values (30, 'Jacynth', 'Lamplugh', '5585297679', 45697, TO_DATE('1981/09/19', 'YYYY/MM/DD'), 'Lokatadho', 'morning');
insert into F18_2_Delievery_Agent (da_id, first_name, last_name, mobile_number, zip_code, dob, work_location, shift_opted) values (31, 'Sadye', 'Berns', '6645068784', 23654, TO_DATE('1990/01/24', 'YYYY/MM/DD'), 'Thị Trấn Trùng Khánh', 'morning');
insert into F18_2_Delievery_Agent (da_id, first_name, last_name, mobile_number, zip_code, dob, work_location, shift_opted) values (32, 'Jens', 'Stanmer', '8475126452', 78956, TO_DATE('1989/03/12', 'YYYY/MM/DD'), 'Empório', 'afternoon');
insert into F18_2_Delievery_Agent (da_id, first_name, last_name, mobile_number, zip_code, dob, work_location, shift_opted) values (33, 'Kipp', 'Fronzek', '1756916350', 76033, TO_DATE('1985/09/10', 'YYYY/MM/DD'), 'Horodok', 'night');
insert into F18_2_Delievery_Agent (da_id, first_name, last_name, mobile_number, zip_code, dob, work_location, shift_opted) values (34, 'Quinlan', 'Celand', '7465439797', 78951, TO_DATE('1982/11/05', 'YYYY/MM/DD'), 'Mílos', 'night');
insert into F18_2_Delievery_Agent (da_id, first_name, last_name, mobile_number, zip_code, dob, work_location, shift_opted) values (35, 'Tabitha', 'Frankcomb', '6163953309', 12365, TO_DATE('1984/08/12', 'YYYY/MM/DD'), 'Sarandë', 'night');
insert into F18_2_Delievery_Agent (da_id, first_name, last_name, mobile_number, zip_code, dob, work_location, shift_opted) values (36, 'Willem', 'Loble', '2914451321', 15698, TO_DATE('1984/03/24', 'YYYY/MM/DD'), 'Mojosari', 'evening');
insert into F18_2_Delievery_Agent (da_id, first_name, last_name, mobile_number, zip_code, dob, work_location, shift_opted) values (37, 'Xylina', 'Doree', '2538043926', '15015 CEDEX', TO_DATE('1990/06/27', 'YYYY/MM/DD'), 'Aurillac', 'morning');
insert into F18_2_Delievery_Agent (da_id, first_name, last_name, mobile_number, zip_code, dob, work_location, shift_opted) values (38, 'Ursa', 'Firebrace', '6141688305', 12365, TO_DATE('1990/04/15', 'YYYY/MM/DD'), 'Choco', 'afternoon');
insert into F18_2_Delievery_Agent (da_id, first_name, last_name, mobile_number, zip_code, dob, work_location, shift_opted) values (39, 'Cristionna', 'Ielden', '4341653733', 12365, TO_DATE('1988/08/06', 'YYYY/MM/DD'), 'Maradi', 'afternoon');
insert into F18_2_Delievery_Agent (da_id, first_name, last_name, mobile_number, zip_code, dob, work_location, shift_opted) values (40, 'Retha', 'Franciotti', '6736426079', 45698, TO_DATE('1981/08/19', 'YYYY/MM/DD'), 'Xiancun', 'morning');
insert into F18_2_Delievery_Agent (da_id, first_name, last_name, mobile_number, zip_code, dob, work_location, shift_opted) values (41, 'Anya', 'Cordrey', '2812732172', '90150', TO_DATE('1983/12/30', 'YYYY/MM/DD'), 'Uthal', 'afternoon');
insert into F18_2_Delievery_Agent (da_id, first_name, last_name, mobile_number, zip_code, dob, work_location, shift_opted) values (42, 'Inness', 'Stanmer', '6906230515', '62265-000', TO_DATE('1987/11/21', 'YYYY/MM/DD'), 'Varjota', 'evening');
insert into F18_2_Delievery_Agent (da_id, first_name, last_name, mobile_number, zip_code, dob, work_location, shift_opted) values (43, 'Gualterio', 'Aiken', '7732033829', '60619', TO_DATE('1985/06/29', 'YYYY/MM/DD'), 'Chicago', 'evening');
insert into F18_2_Delievery_Agent (da_id, first_name, last_name, mobile_number, zip_code, dob, work_location, shift_opted) values (44, 'Harwell', 'Bille', '9493722053', '5400-006', TO_DATE('1985/05/03', 'YYYY/MM/DD'), 'Chaves', 'evening');
insert into F18_2_Delievery_Agent (da_id, first_name, last_name, mobile_number, zip_code, dob, work_location, shift_opted) values (45, 'Claudian', 'Linsay', '5845486042', 78965, TO_DATE('1985/10/16', 'YYYY/MM/DD'), 'Sabon Gari-Nangere', 'evening');
insert into F18_2_Delievery_Agent (da_id, first_name, last_name, mobile_number, zip_code, dob, work_location, shift_opted) values (46, 'Claude', 'Kener', '5253944018', '88800-000', TO_DATE('1985/08/24', 'YYYY/MM/DD'), 'Criciúma', 'morning');
insert into F18_2_Delievery_Agent (da_id, first_name, last_name, mobile_number, zip_code, dob, work_location, shift_opted) values (47, 'Darell', 'Hallut', '1537927170', 78956, TO_DATE('1985/04/25', 'YYYY/MM/DD'), 'Ollachea', 'afternoon');
insert into F18_2_Delievery_Agent (da_id, first_name, last_name, mobile_number, zip_code, dob, work_location, shift_opted) values (48, 'Sampson', 'Hubbert', '3106102968', 12365, TO_DATE('1981/08/25', 'YYYY/MM/DD'), 'Longhua', 'evening');
insert into F18_2_Delievery_Agent (da_id, first_name, last_name, mobile_number, zip_code, dob, work_location, shift_opted) values (49, 'Clem', 'Rumgay', '6958403299', '98-430', TO_DATE('1982/03/15', 'YYYY/MM/DD'), 'Bolesławiec', 'night');
insert into F18_2_Delievery_Agent (da_id, first_name, last_name, mobile_number, zip_code, dob, work_location, shift_opted) values (50, 'Che', 'Heikkinen', '6256410135', '614513', TO_DATE('1983/05/19', 'YYYY/MM/DD'), 'Gamovo', 'morning');



insert into F18_2_WORKS_FOR (rest_id, da_id) values (47, 31);
insert into F18_2_WORKS_FOR (rest_id, da_id) values (6, 15);
insert into F18_2_WORKS_FOR (rest_id, da_id) values (50, 33);
insert into F18_2_WORKS_FOR (rest_id, da_id) values (9, 32);
insert into F18_2_WORKS_FOR (rest_id, da_id) values (30, 27);
insert into F18_2_WORKS_FOR (rest_id, da_id) values (30, 33);
insert into F18_2_WORKS_FOR (rest_id, da_id) values (10, 36);
insert into F18_2_WORKS_FOR (rest_id, da_id) values (13, 18);
insert into F18_2_WORKS_FOR (rest_id, da_id) values (50, 41);
insert into F18_2_WORKS_FOR (rest_id, da_id) values (32, 20);
insert into F18_2_WORKS_FOR (rest_id, da_id) values (12, 35);
insert into F18_2_WORKS_FOR (rest_id, da_id) values (8, 36);
insert into F18_2_WORKS_FOR (rest_id, da_id) values (26, 20);
insert into F18_2_WORKS_FOR (rest_id, da_id) values (23, 2);
insert into F18_2_WORKS_FOR (rest_id, da_id) values (3, 16);
insert into F18_2_WORKS_FOR (rest_id, da_id) values (37, 30);
insert into F18_2_WORKS_FOR (rest_id, da_id) values (26, 3);
insert into F18_2_WORKS_FOR (rest_id, da_id) values (34, 3);
insert into F18_2_WORKS_FOR (rest_id, da_id) values (22, 42);
insert into F18_2_WORKS_FOR (rest_id, da_id) values (31, 29);
insert into F18_2_WORKS_FOR (rest_id, da_id) values (28, 14);
insert into F18_2_WORKS_FOR (rest_id, da_id) values (8, 27);
insert into F18_2_WORKS_FOR (rest_id, da_id) values (37, 11);
insert into F18_2_WORKS_FOR (rest_id, da_id) values (20, 36);
insert into F18_2_WORKS_FOR (rest_id, da_id) values (23, 5);
insert into F18_2_WORKS_FOR (rest_id, da_id) values (38, 14);
insert into F18_2_WORKS_FOR (rest_id, da_id) values (37, 35);
insert into F18_2_WORKS_FOR (rest_id, da_id) values (2, 20);
insert into F18_2_WORKS_FOR (rest_id, da_id) values (7, 42);
insert into F18_2_WORKS_FOR (rest_id, da_id) values (40, 22);
insert into F18_2_WORKS_FOR (rest_id, da_id) values (35, 50);
insert into F18_2_WORKS_FOR (rest_id, da_id) values (37, 28);
insert into F18_2_WORKS_FOR (rest_id, da_id) values (2, 17);
insert into F18_2_WORKS_FOR (rest_id, da_id) values (8, 4);
insert into F18_2_WORKS_FOR (rest_id, da_id) values (17, 16);
insert into F18_2_WORKS_FOR (rest_id, da_id) values (39, 14);
insert into F18_2_WORKS_FOR (rest_id, da_id) values (16, 3);
insert into F18_2_WORKS_FOR (rest_id, da_id) values (24, 7);
insert into F18_2_WORKS_FOR (rest_id, da_id) values (34, 40);
insert into F18_2_WORKS_FOR (rest_id, da_id) values (31, 31);
insert into F18_2_WORKS_FOR (rest_id, da_id) values (35, 8);
insert into F18_2_WORKS_FOR (rest_id, da_id) values (43, 7);
insert into F18_2_WORKS_FOR (rest_id, da_id) values (19, 26);
insert into F18_2_WORKS_FOR (rest_id, da_id) values (46, 35);
insert into F18_2_WORKS_FOR (rest_id, da_id) values (31, 32);
insert into F18_2_WORKS_FOR (rest_id, da_id) values (26, 41);
insert into F18_2_WORKS_FOR (rest_id, da_id) values (10, 26);
insert into F18_2_WORKS_FOR (rest_id, da_id) values (3, 22);
insert into F18_2_WORKS_FOR (rest_id, da_id) values (22, 7);
insert into F18_2_WORKS_FOR (rest_id, da_id) values (38, 49);
insert into F18_2_WORKS_FOR (rest_id, da_id) values (26, 50);
insert into F18_2_WORKS_FOR (rest_id, da_id) values (2, 16);
insert into F18_2_WORKS_FOR (rest_id, da_id) values (11, 32);
insert into F18_2_WORKS_FOR (rest_id, da_id) values (11, 25);
insert into F18_2_WORKS_FOR (rest_id, da_id) values (39, 47);
insert into F18_2_WORKS_FOR (rest_id, da_id) values (47, 13);
insert into F18_2_WORKS_FOR (rest_id, da_id) values (29, 25);
insert into F18_2_WORKS_FOR (rest_id, da_id) values (21, 11);
insert into F18_2_WORKS_FOR (rest_id, da_id) values (43, 40);
insert into F18_2_WORKS_FOR (rest_id, da_id) values (34, 30);
insert into F18_2_WORKS_FOR (rest_id, da_id) values (17, 15);
insert into F18_2_WORKS_FOR (rest_id, da_id) values (6, 4);
insert into F18_2_WORKS_FOR (rest_id, da_id) values (27, 35);
insert into F18_2_WORKS_FOR (rest_id, da_id) values (9, 46);
insert into F18_2_WORKS_FOR (rest_id, da_id) values (21, 7);
insert into F18_2_WORKS_FOR (rest_id, da_id) values (28, 35);
insert into F18_2_WORKS_FOR (rest_id, da_id) values (14, 49);
insert into F18_2_WORKS_FOR (rest_id, da_id) values (26, 47);
insert into F18_2_WORKS_FOR (rest_id, da_id) values (31, 11);
insert into F18_2_WORKS_FOR (rest_id, da_id) values (33, 39);
insert into F18_2_WORKS_FOR (rest_id, da_id) values (12, 29);
insert into F18_2_WORKS_FOR (rest_id, da_id) values (28, 13);
insert into F18_2_WORKS_FOR (rest_id, da_id) values (16, 32);
insert into F18_2_WORKS_FOR (rest_id, da_id) values (21, 41);
insert into F18_2_WORKS_FOR (rest_id, da_id) values (18, 1);
insert into F18_2_WORKS_FOR (rest_id, da_id) values (38, 1);
insert into F18_2_WORKS_FOR (rest_id, da_id) values (47, 45);
insert into F18_2_WORKS_FOR (rest_id, da_id) values (32, 24);
insert into F18_2_WORKS_FOR (rest_id, da_id) values (4, 30);
insert into F18_2_WORKS_FOR (rest_id, da_id) values (45, 28);
insert into F18_2_WORKS_FOR (rest_id, da_id) values (12, 50);
insert into F18_2_WORKS_FOR (rest_id, da_id) values (41, 16);
insert into F18_2_WORKS_FOR (rest_id, da_id) values (4, 47);
insert into F18_2_WORKS_FOR (rest_id, da_id) values (41, 29);
insert into F18_2_WORKS_FOR (rest_id, da_id) values (11, 16);
insert into F18_2_WORKS_FOR (rest_id, da_id) values (1, 24);
insert into F18_2_WORKS_FOR (rest_id, da_id) values (4, 49);
insert into F18_2_WORKS_FOR (rest_id, da_id) values (32, 1);
insert into F18_2_WORKS_FOR (rest_id, da_id) values (3, 3);
insert into F18_2_WORKS_FOR (rest_id, da_id) values (14, 46);
insert into F18_2_WORKS_FOR (rest_id, da_id) values (35, 22);
insert into F18_2_WORKS_FOR (rest_id, da_id) values (26, 21);
insert into F18_2_WORKS_FOR (rest_id, da_id) values (24, 21);
insert into F18_2_WORKS_FOR (rest_id, da_id) values (42, 36);
insert into F18_2_WORKS_FOR (rest_id, da_id) values (41, 18);
insert into F18_2_WORKS_FOR (rest_id, da_id) values (15, 12);
insert into F18_2_WORKS_FOR (rest_id, da_id) values (5, 42);
insert into F18_2_WORKS_FOR (rest_id, da_id) values (10, 3);
insert into F18_2_WORKS_FOR (rest_id, da_id) values (35, 36);



insert into F18_2_Restaurant_Times (open_time, close_time, rest_id) values ('15:16', '17:53', 16);
insert into F18_2_Restaurant_Times (open_time, close_time, rest_id) values ('0:05', '8:56', 24);
insert into F18_2_Restaurant_Times (open_time, close_time, rest_id) values ('23:51', '13:12', 15);
insert into F18_2_Restaurant_Times (open_time, close_time, rest_id) values ('9:00', '20:35', 45);
insert into F18_2_Restaurant_Times (open_time, close_time, rest_id) values ('11:56', '5:15', 4);
insert into F18_2_Restaurant_Times (open_time, close_time, rest_id) values ('3:41', '8:42', 50);
insert into F18_2_Restaurant_Times (open_time, close_time, rest_id) values ('3:58', '22:11', 15);
insert into F18_2_Restaurant_Times (open_time, close_time, rest_id) values ('3:35', '21:49', 46);
insert into F18_2_Restaurant_Times (open_time, close_time, rest_id) values ('17:55', '3:57', 34);
insert into F18_2_Restaurant_Times (open_time, close_time, rest_id) values ('20:48', '1:05', 1);
insert into F18_2_Restaurant_Times (open_time, close_time, rest_id) values ('12:01', '4:44', 35);
insert into F18_2_Restaurant_Times (open_time, close_time, rest_id) values ('4:25', '22:25', 26);
insert into F18_2_Restaurant_Times (open_time, close_time, rest_id) values ('10:34', '4:14', 22);
insert into F18_2_Restaurant_Times (open_time, close_time, rest_id) values ('17:41', '1:40', 9);
insert into F18_2_Restaurant_Times (open_time, close_time, rest_id) values ('9:07', '23:11', 11);
insert into F18_2_Restaurant_Times (open_time, close_time, rest_id) values ('4:32', '16:02', 5);
insert into F18_2_Restaurant_Times (open_time, close_time, rest_id) values ('23:06', '1:12', 16);
insert into F18_2_Restaurant_Times (open_time, close_time, rest_id) values ('10:00', '12:40', 29);
insert into F18_2_Restaurant_Times (open_time, close_time, rest_id) values ('8:59', '6:20', 29);
insert into F18_2_Restaurant_Times (open_time, close_time, rest_id) values ('10:50', '1:32', 10);
insert into F18_2_Restaurant_Times (open_time, close_time, rest_id) values ('3:42', '4:56', 10);
insert into F18_2_Restaurant_Times (open_time, close_time, rest_id) values ('4:38', '10:52', 37);
insert into F18_2_Restaurant_Times (open_time, close_time, rest_id) values ('9:56', '21:00', 15);
insert into F18_2_Restaurant_Times (open_time, close_time, rest_id) values ('10:32', '22:32', 36);
insert into F18_2_Restaurant_Times (open_time, close_time, rest_id) values ('6:28', '12:28', 40);
insert into F18_2_Restaurant_Times (open_time, close_time, rest_id) values ('10:24', '23:06', 37);
insert into F18_2_Restaurant_Times (open_time, close_time, rest_id) values ('16:48', '7:39', 9);
insert into F18_2_Restaurant_Times (open_time, close_time, rest_id) values ('0:32', '13:12', 25);
insert into F18_2_Restaurant_Times (open_time, close_time, rest_id) values ('11:07', '17:01', 6);
insert into F18_2_Restaurant_Times (open_time, close_time, rest_id) values ('2:07', '1:30', 35);
insert into F18_2_Restaurant_Times (open_time, close_time, rest_id) values ('20:22', '5:27', 40);
insert into F18_2_Restaurant_Times (open_time, close_time, rest_id) values ('3:33', '16:29', 29);
insert into F18_2_Restaurant_Times (open_time, close_time, rest_id) values ('3:13', '9:24', 38);
insert into F18_2_Restaurant_Times (open_time, close_time, rest_id) values ('11:17', '14:03', 28);
insert into F18_2_Restaurant_Times (open_time, close_time, rest_id) values ('0:44', '4:40', 50);
insert into F18_2_Restaurant_Times (open_time, close_time, rest_id) values ('7:09', '19:58', 14);
insert into F18_2_Restaurant_Times (open_time, close_time, rest_id) values ('10:36', '19:56', 11);
insert into F18_2_Restaurant_Times (open_time, close_time, rest_id) values ('17:01', '8:20', 15);
insert into F18_2_Restaurant_Times (open_time, close_time, rest_id) values ('9:41', '19:53', 4);
insert into F18_2_Restaurant_Times (open_time, close_time, rest_id) values ('14:59', '20:21', 47);
insert into F18_2_Restaurant_Times (open_time, close_time, rest_id) values ('11:28', '23:26', 45);
insert into F18_2_Restaurant_Times (open_time, close_time, rest_id) values ('19:32', '8:51', 47);
insert into F18_2_Restaurant_Times (open_time, close_time, rest_id) values ('13:26', '17:03', 46);
insert into F18_2_Restaurant_Times (open_time, close_time, rest_id) values ('17:12', '7:33', 7);
insert into F18_2_Restaurant_Times (open_time, close_time, rest_id) values ('5:52', '0:49', 9);
insert into F18_2_Restaurant_Times (open_time, close_time, rest_id) values ('14:28', '2:26', 46);
insert into F18_2_Restaurant_Times (open_time, close_time, rest_id) values ('4:42', '8:06', 16);
insert into F18_2_Restaurant_Times (open_time, close_time, rest_id) values ('0:29', '15:27', 7);
insert into F18_2_Restaurant_Times (open_time, close_time, rest_id) values ('10:07', '11:22', 29);
insert into F18_2_Restaurant_Times (open_time, close_time, rest_id) values ('20:41', '18:38', 36);



insert into F18_2_Orders (rest_id, customer_id, item_id, order_time, order_date, payment_mode) values (28, 7, 13, '16:27', TO_DATE('2018/07/07', 'YYYY/MM/DD'), 'Debit card');
insert into F18_2_Orders (rest_id, customer_id, item_id, order_time, order_date, payment_mode) values (9, 15, 44, '19:39', TO_DATE('2018/04/18', 'YYYY/MM/DD'), 'Cash');
insert into F18_2_Orders (rest_id, customer_id, item_id, order_time, order_date, payment_mode) values (45, 45, 26, '18:31', TO_DATE('2018/02/07', 'YYYY/MM/DD'), 'Online bank transfer');
insert into F18_2_Orders (rest_id, customer_id, item_id, order_time, order_date, payment_mode) values (12, 8, 36, '15:23', TO_DATE('2018/10/18', 'YYYY/MM/DD'), 'Cash');
insert into F18_2_Orders (rest_id, customer_id, item_id, order_time, order_date, payment_mode) values (33, 24, 5, '19:56', TO_DATE('2018/04/05', 'YYYY/MM/DD'), 'Debit card');
insert into F18_2_Orders (rest_id, customer_id, item_id, order_time, order_date, payment_mode) values (6, 32, 3, '12:11', TO_DATE('2018/10/28', 'YYYY/MM/DD'), 'Credit card');
insert into F18_2_Orders (rest_id, customer_id, item_id, order_time, order_date, payment_mode) values (27, 12, 10, '18:22', TO_DATE('2018/07/23', 'YYYY/MM/DD'), 'Bank transfer');
insert into F18_2_Orders (rest_id, customer_id, item_id, order_time, order_date, payment_mode) values (17, 48, 44, '1:47', TO_DATE('2018/09/25', 'YYYY/MM/DD'), 'Mobile payment');
insert into F18_2_Orders (rest_id, customer_id, item_id, order_time, order_date, payment_mode) values (47, 37, 43, '18:44', TO_DATE('2018/02/23', 'YYYY/MM/DD'), 'Online bank transfer');
insert into F18_2_Orders (rest_id, customer_id, item_id, order_time, order_date, payment_mode) values (25, 17, 45, '11:10', TO_DATE('2018/03/11', 'YYYY/MM/DD'), 'E-wallet');
insert into F18_2_Orders (rest_id, customer_id, item_id, order_time, order_date, payment_mode) values (18, 11, 8, '9:49', TO_DATE('2018/08/14', 'YYYY/MM/DD'), 'Coupon payment');
insert into F18_2_Orders (rest_id, customer_id, item_id, order_time, order_date, payment_mode) values (23, 44, 5, '22:23', TO_DATE('2017/11/10', 'YYYY/MM/DD'), 'Coupon payment');
insert into F18_2_Orders (rest_id, customer_id, item_id, order_time, order_date, payment_mode) values (46, 16, 41, '6:06', TO_DATE('2018/04/11', 'YYYY/MM/DD'), 'Credit card');
insert into F18_2_Orders (rest_id, customer_id, item_id, order_time, order_date, payment_mode) values (46, 48, 11, '11:38', TO_DATE('2018/07/24', 'YYYY/MM/DD'), 'E-wallet');
insert into F18_2_Orders (rest_id, customer_id, item_id, order_time, order_date, payment_mode) values (8, 20, 6, '19:00', TO_DATE('2018/10/26', 'YYYY/MM/DD'), 'Debit card');
insert into F18_2_Orders (rest_id, customer_id, item_id, order_time, order_date, payment_mode) values (33, 28, 6, '15:06', TO_DATE('2018/11/04', 'YYYY/MM/DD'), 'E-wallet');
insert into F18_2_Orders (rest_id, customer_id, item_id, order_time, order_date, payment_mode) values (25, 35, 36, '13:52', TO_DATE('2018/08/11', 'YYYY/MM/DD'), 'Debit card');
insert into F18_2_Orders (rest_id, customer_id, item_id, order_time, order_date, payment_mode) values (16, 40, 37, '14:40', TO_DATE('2018/10/14', 'YYYY/MM/DD'), 'E-wallet');
insert into F18_2_Orders (rest_id, customer_id, item_id, order_time, order_date, payment_mode) values (8, 37, 47, '21:46', TO_DATE('2017/12/21', 'YYYY/MM/DD'), 'Cash');
insert into F18_2_Orders (rest_id, customer_id, item_id, order_time, order_date, payment_mode) values (30, 24, 18, '16:15', TO_DATE('2017/11/21', 'YYYY/MM/DD'), 'Online bank transfer');
insert into F18_2_Orders (rest_id, customer_id, item_id, order_time, order_date, payment_mode) values (14, 40, 17, '7:02', TO_DATE('2018/07/02', 'YYYY/MM/DD'), 'Debit card');
insert into F18_2_Orders (rest_id, customer_id, item_id, order_time, order_date, payment_mode) values (5, 40, 16, '9:10', TO_DATE('2018/03/19', 'YYYY/MM/DD'), 'Debit card');
insert into F18_2_Orders (rest_id, customer_id, item_id, order_time, order_date, payment_mode) values (21, 45, 31, '0:12', TO_DATE('2018/03/28', 'YYYY/MM/DD'), 'E-wallet');
insert into F18_2_Orders (rest_id, customer_id, item_id, order_time, order_date, payment_mode) values (27, 35, 1, '7:31', TO_DATE('2017/12/24', 'YYYY/MM/DD'), 'Bank transfer');
insert into F18_2_Orders (rest_id, customer_id, item_id, order_time, order_date, payment_mode) values (9, 42, 47, '7:36', TO_DATE('2017/12/23', 'YYYY/MM/DD'), 'Bank transfer');
insert into F18_2_Orders (rest_id, customer_id, item_id, order_time, order_date, payment_mode) values (31, 41, 32, '15:42', TO_DATE('2018/06/21', 'YYYY/MM/DD'), 'Bank transfer');
insert into F18_2_Orders (rest_id, customer_id, item_id, order_time, order_date, payment_mode) values (17, 24, 43, '23:34', TO_DATE('2017/11/06', 'YYYY/MM/DD'), 'Bank transfer');
insert into F18_2_Orders (rest_id, customer_id, item_id, order_time, order_date, payment_mode) values (21, 36, 37, '17:33', TO_DATE('2018/10/19', 'YYYY/MM/DD'), 'Online bank transfer');
insert into F18_2_Orders (rest_id, customer_id, item_id, order_time, order_date, payment_mode) values (33, 14, 13, '11:10', TO_DATE('2018/10/07', 'YYYY/MM/DD'), 'E-wallet');
insert into F18_2_Orders (rest_id, customer_id, item_id, order_time, order_date, payment_mode) values (34, 11, 8, '5:23', TO_DATE('2018/06/12', 'YYYY/MM/DD'), 'Credit card');
insert into F18_2_Orders (rest_id, customer_id, item_id, order_time, order_date, payment_mode) values (23, 23, 27, '22:38', TO_DATE('2017/11/07', 'YYYY/MM/DD'), 'Credit card');
insert into F18_2_Orders (rest_id, customer_id, item_id, order_time, order_date, payment_mode) values (35, 9, 39, '23:38', TO_DATE('2018/10/21', 'YYYY/MM/DD'), 'Online bank transfer');
insert into F18_2_Orders (rest_id, customer_id, item_id, order_time, order_date, payment_mode) values (20, 23, 5, '0:15', TO_DATE('2018/02/09', 'YYYY/MM/DD'), 'Coupon payment');
insert into F18_2_Orders (rest_id, customer_id, item_id, order_time, order_date, payment_mode) values (18, 48, 5, '12:32', TO_DATE('2018/01/27', 'YYYY/MM/DD'), 'Coupon payment');
insert into F18_2_Orders (rest_id, customer_id, item_id, order_time, order_date, payment_mode) values (16, 37, 14, '17:03', TO_DATE('2018/07/25', 'YYYY/MM/DD'), 'Mobile payment');
insert into F18_2_Orders (rest_id, customer_id, item_id, order_time, order_date, payment_mode) values (27, 2, 11, '11:05', TO_DATE('2018/07/09', 'YYYY/MM/DD'), 'Bank transfer');
insert into F18_2_Orders (rest_id, customer_id, item_id, order_time, order_date, payment_mode) values (21, 44, 39, '13:03', TO_DATE('2018/06/05', 'YYYY/MM/DD'), 'Mobile payment');
insert into F18_2_Orders (rest_id, customer_id, item_id, order_time, order_date, payment_mode) values (25, 41, 44, '8:46', TO_DATE('2018/01/21', 'YYYY/MM/DD'), 'Mobile payment');
insert into F18_2_Orders (rest_id, customer_id, item_id, order_time, order_date, payment_mode) values (20, 33, 50, '2:53', TO_DATE('2018/10/23', 'YYYY/MM/DD'), 'Debit card');
insert into F18_2_Orders (rest_id, customer_id, item_id, order_time, order_date, payment_mode) values (1, 19, 36, '18:02', TO_DATE('2018/09/20', 'YYYY/MM/DD'), 'E-wallet');
insert into F18_2_Orders (rest_id, customer_id, item_id, order_time, order_date, payment_mode) values (26, 42, 20, '18:37', TO_DATE('2018/01/04', 'YYYY/MM/DD'), 'E-wallet');
insert into F18_2_Orders (rest_id, customer_id, item_id, order_time, order_date, payment_mode) values (26, 43, 36, '19:53', TO_DATE('2018/07/19', 'YYYY/MM/DD'), 'Mobile payment');
insert into F18_2_Orders (rest_id, customer_id, item_id, order_time, order_date, payment_mode) values (46, 35, 27, '19:58', TO_DATE('2018/04/27', 'YYYY/MM/DD'), 'Bank transfer');
insert into F18_2_Orders (rest_id, customer_id, item_id, order_time, order_date, payment_mode) values (19, 20, 3, '7:42', TO_DATE('2018/10/02', 'YYYY/MM/DD'), 'Credit card');
insert into F18_2_Orders (rest_id, customer_id, item_id, order_time, order_date, payment_mode) values (16, 49, 24, '22:33', TO_DATE('2017/11/15', 'YYYY/MM/DD'), 'Debit card');
insert into F18_2_Orders (rest_id, customer_id, item_id, order_time, order_date, payment_mode) values (26, 11, 17, '16:29', TO_DATE('2018/01/30', 'YYYY/MM/DD'), 'Mobile payment');
insert into F18_2_Orders (rest_id, customer_id, item_id, order_time, order_date, payment_mode) values (10, 13, 16, '9:21', TO_DATE('2018/04/27', 'YYYY/MM/DD'), 'Credit card');
insert into F18_2_Orders (rest_id, customer_id, item_id, order_time, order_date, payment_mode) values (9, 25, 25, '16:35', TO_DATE('2018/06/25', 'YYYY/MM/DD'), 'E-wallet');
insert into F18_2_Orders (rest_id, customer_id, item_id, order_time, order_date, payment_mode) values (27, 13, 42, '6:53', TO_DATE('2017/12/19', 'YYYY/MM/DD'), 'Debit card');
insert into F18_2_Orders (rest_id, customer_id, item_id, order_time, order_date, payment_mode) values (20, 9, 7, '4:54', TO_DATE('2018/04/20', 'YYYY/MM/DD'), 'Mobile payment');
insert into F18_2_Orders (rest_id, customer_id, item_id, order_time, order_date, payment_mode) values (50, 48, 41, '15:42', TO_DATE('2018/01/26', 'YYYY/MM/DD'), 'E-wallet');
insert into F18_2_Orders (rest_id, customer_id, item_id, order_time, order_date, payment_mode) values (17, 41, 32, '4:07', TO_DATE('2018/07/18', 'YYYY/MM/DD'), 'Mobile payment');
insert into F18_2_Orders (rest_id, customer_id, item_id, order_time, order_date, payment_mode) values (5, 17, 32, '4:55', TO_DATE('2018/08/05', 'YYYY/MM/DD'), 'Coupon payment');
insert into F18_2_Orders (rest_id, customer_id, item_id, order_time, order_date, payment_mode) values (8, 48, 7, '21:09', TO_DATE('2018/05/03', 'YYYY/MM/DD'), 'Mobile payment');
insert into F18_2_Orders (rest_id, customer_id, item_id, order_time, order_date, payment_mode) values (39, 4, 31, '4:58', TO_DATE('2018/01/20', 'YYYY/MM/DD'), 'E-wallet');
insert into F18_2_Orders (rest_id, customer_id, item_id, order_time, order_date, payment_mode) values (13, 45, 5, '20:56', TO_DATE('2017/12/24', 'YYYY/MM/DD'), 'Mobile payment');
insert into F18_2_Orders (rest_id, customer_id, item_id, order_time, order_date, payment_mode) values (37, 24, 4, '6:59', TO_DATE('2018/08/02', 'YYYY/MM/DD'), 'Mobile payment');
insert into F18_2_Orders (rest_id, customer_id, item_id, order_time, order_date, payment_mode) values (9, 37, 50, '5:09', TO_DATE('2017/12/12', 'YYYY/MM/DD'), 'Coupon payment');
insert into F18_2_Orders (rest_id, customer_id, item_id, order_time, order_date, payment_mode) values (34, 1, 49, '3:36', TO_DATE('2018/10/10', 'YYYY/MM/DD'), 'Credit card');
insert into F18_2_Orders (rest_id, customer_id, item_id, order_time, order_date, payment_mode) values (23, 3, 46, '17:47', TO_DATE('2018/03/15', 'YYYY/MM/DD'), 'Mobile payment');
insert into F18_2_Orders (rest_id, customer_id, item_id, order_time, order_date, payment_mode) values (35, 38, 22, '4:48', TO_DATE('2017/11/07', 'YYYY/MM/DD'), 'Debit card');
insert into F18_2_Orders (rest_id, customer_id, item_id, order_time, order_date, payment_mode) values (18, 50, 32, '2:06', TO_DATE('2017/12/05', 'YYYY/MM/DD'), 'Credit card');
insert into F18_2_Orders (rest_id, customer_id, item_id, order_time, order_date, payment_mode) values (34, 10, 32, '4:28', TO_DATE('2017/11/26', 'YYYY/MM/DD'), 'E-wallet');
insert into F18_2_Orders (rest_id, customer_id, item_id, order_time, order_date, payment_mode) values (31, 13, 47, '16:20', TO_DATE('2018/11/04', 'YYYY/MM/DD'), 'E-wallet');
insert into F18_2_Orders (rest_id, customer_id, item_id, order_time, order_date, payment_mode) values (39, 44, 13, '22:52', TO_DATE('2018/06/06', 'YYYY/MM/DD'), 'Mobile payment');
insert into F18_2_Orders (rest_id, customer_id, item_id, order_time, order_date, payment_mode) values (31, 2, 33, '4:47', TO_DATE('2018/03/06', 'YYYY/MM/DD'), 'Debit card');
insert into F18_2_Orders (rest_id, customer_id, item_id, order_time, order_date, payment_mode) values (43, 39, 5, '19:28', TO_DATE('2018/04/04', 'YYYY/MM/DD'), 'Debit card');
insert into F18_2_Orders (rest_id, customer_id, item_id, order_time, order_date, payment_mode) values (17, 35, 14, '8:51', TO_DATE('2017/12/26', 'YYYY/MM/DD'), 'Bank transfer');
insert into F18_2_Orders (rest_id, customer_id, item_id, order_time, order_date, payment_mode) values (20, 47, 20, '20:45', TO_DATE('2018/10/26', 'YYYY/MM/DD'), 'Bank transfer');
insert into F18_2_Orders (rest_id, customer_id, item_id, order_time, order_date, payment_mode) values (8, 17, 1, '12:45', TO_DATE('2018/05/08', 'YYYY/MM/DD'), 'Online bank transfer');
insert into F18_2_Orders (rest_id, customer_id, item_id, order_time, order_date, payment_mode) values (9, 44, 12, '3:09', TO_DATE('2018/04/06', 'YYYY/MM/DD'), 'Online bank transfer');
insert into F18_2_Orders (rest_id, customer_id, item_id, order_time, order_date, payment_mode) values (18, 29, 31, '8:46', TO_DATE('2018/03/25', 'YYYY/MM/DD'), 'Credit card');
insert into F18_2_Orders (rest_id, customer_id, item_id, order_time, order_date, payment_mode) values (44, 16, 18, '20:31', TO_DATE('2018/05/16', 'YYYY/MM/DD'), 'Coupon payment');
insert into F18_2_Orders (rest_id, customer_id, item_id, order_time, order_date, payment_mode) values (18, 34, 14, '0:22', TO_DATE('2018/04/08', 'YYYY/MM/DD'), 'Debit card');
insert into F18_2_Orders (rest_id, customer_id, item_id, order_time, order_date, payment_mode) values (3, 28, 22, '23:05', TO_DATE('2017/12/17', 'YYYY/MM/DD'), 'Credit card');
insert into F18_2_Orders (rest_id, customer_id, item_id, order_time, order_date, payment_mode) values (8, 35, 31, '16:25', TO_DATE('2018/09/25', 'YYYY/MM/DD'), 'Bank transfer');
insert into F18_2_Orders (rest_id, customer_id, item_id, order_time, order_date, payment_mode) values (32, 22, 7, '9:42', TO_DATE('2018/02/10', 'YYYY/MM/DD'), 'Credit card');
insert into F18_2_Orders (rest_id, customer_id, item_id, order_time, order_date, payment_mode) values (48, 20, 46, '12:53', TO_DATE('2018/07/16', 'YYYY/MM/DD'), 'Bank transfer');
insert into F18_2_Orders (rest_id, customer_id, item_id, order_time, order_date, payment_mode) values (35, 14, 29, '10:34', TO_DATE('2018/01/14', 'YYYY/MM/DD'), 'Credit card');
insert into F18_2_Orders (rest_id, customer_id, item_id, order_time, order_date, payment_mode) values (33, 43, 13, '1:11', TO_DATE('2018/06/12', 'YYYY/MM/DD'), 'Coupon payment');
insert into F18_2_Orders (rest_id, customer_id, item_id, order_time, order_date, payment_mode) values (35, 45, 22, '13:15', TO_DATE('2018/06/14', 'YYYY/MM/DD'), 'E-wallet');
insert into F18_2_Orders (rest_id, customer_id, item_id, order_time, order_date, payment_mode) values (39, 3, 1, '0:21', TO_DATE('2018/02/16', 'YYYY/MM/DD'), 'Mobile payment');
insert into F18_2_Orders (rest_id, customer_id, item_id, order_time, order_date, payment_mode) values (42, 44, 19, '0:00', TO_DATE('2018/08/09', 'YYYY/MM/DD'), 'Debit card');
insert into F18_2_Orders (rest_id, customer_id, item_id, order_time, order_date, payment_mode) values (26, 44, 23, '22:36', TO_DATE('2018/01/09', 'YYYY/MM/DD'), 'Credit card');
insert into F18_2_Orders (rest_id, customer_id, item_id, order_time, order_date, payment_mode) values (29, 4, 48, '10:25', TO_DATE('2018/02/13', 'YYYY/MM/DD'), 'Coupon payment');
insert into F18_2_Orders (rest_id, customer_id, item_id, order_time, order_date, payment_mode) values (2, 8, 30, '23:49', TO_DATE('2018/06/03', 'YYYY/MM/DD'), 'Mobile payment');
insert into F18_2_Orders (rest_id, customer_id, item_id, order_time, order_date, payment_mode) values (41, 14, 3, '9:27', TO_DATE('2017/12/18', 'YYYY/MM/DD'), 'Coupon payment');
insert into F18_2_Orders (rest_id, customer_id, item_id, order_time, order_date, payment_mode) values (27, 44, 47, '14:04', TO_DATE('2018/09/10', 'YYYY/MM/DD'), 'Online bank transfer');
insert into F18_2_Orders (rest_id, customer_id, item_id, order_time, order_date, payment_mode) values (14, 36, 21, '8:25', TO_DATE('2018/04/26', 'YYYY/MM/DD'), 'Credit card');
insert into F18_2_Orders (rest_id, customer_id, item_id, order_time, order_date, payment_mode) values (7, 38, 9, '12:41', TO_DATE('2018/04/18', 'YYYY/MM/DD'), 'Cash');
insert into F18_2_Orders (rest_id, customer_id, item_id, order_time, order_date, payment_mode) values (11, 30, 5, '21:20', TO_DATE('2018/05/11', 'YYYY/MM/DD'), 'Cash');
insert into F18_2_Orders (rest_id, customer_id, item_id, order_time, order_date, payment_mode) values (38, 24, 28, '1:45', TO_DATE('2018/02/04', 'YYYY/MM/DD'), 'Bank transfer');
insert into F18_2_Orders (rest_id, customer_id, item_id, order_time, order_date, payment_mode) values (6, 12, 36, '10:00', TO_DATE('2018/05/16', 'YYYY/MM/DD'), 'Cash');
insert into F18_2_Orders (rest_id, customer_id, item_id, order_time, order_date, payment_mode) values (43, 33, 16, '15:19', TO_DATE('2018/07/20', 'YYYY/MM/DD'), 'Cash');
insert into F18_2_Orders (rest_id, customer_id, item_id, order_time, order_date, payment_mode) values (9, 12, 4, '21:27', TO_DATE('2018/03/21', 'YYYY/MM/DD'), 'Debit card');
insert into F18_2_Orders (rest_id, customer_id, item_id, order_time, order_date, payment_mode) values (29, 34, 37, '4:49', TO_DATE('2018/04/22', 'YYYY/MM/DD'), 'Cash');





	
insert into F18_2_Delivers (rest_id, customer_id, da_id, pickup_time, da_arrival_time, actual_delievery_time) values (42, 38, 18, '7:07', '9:00', '0:10');
insert into F18_2_Delivers (rest_id, customer_id, da_id, pickup_time, da_arrival_time, actual_delievery_time) values (33, 40, 21, '6:29', '1:53', '0:18');
insert into F18_2_Delivers (rest_id, customer_id, da_id, pickup_time, da_arrival_time, actual_delievery_time) values (8, 9, 45, '8:13', '1:40', '1:36');
insert into F18_2_Delivers (rest_id, customer_id, da_id, pickup_time, da_arrival_time, actual_delievery_time) values (12, 48, 10, '6:23', '22:50', '1:47');
insert into F18_2_Delivers (rest_id, customer_id, da_id, pickup_time, da_arrival_time, actual_delievery_time) values (11, 11, 5, '21:35', '15:30', '0:40');
insert into F18_2_Delivers (rest_id, customer_id, da_id, pickup_time, da_arrival_time, actual_delievery_time) values (15, 33, 47, '11:25', '16:44', '0:07');
insert into F18_2_Delivers (rest_id, customer_id, da_id, pickup_time, da_arrival_time, actual_delievery_time) values (12, 16, 29, '12:39', '18:43', '1:36');
insert into F18_2_Delivers (rest_id, customer_id, da_id, pickup_time, da_arrival_time, actual_delievery_time) values (16, 15, 21, '10:50', '7:28', '1:30');
insert into F18_2_Delivers (rest_id, customer_id, da_id, pickup_time, da_arrival_time, actual_delievery_time) values (4, 33, 27, '3:41', '18:27', '1:12');
insert into F18_2_Delivers (rest_id, customer_id, da_id, pickup_time, da_arrival_time, actual_delievery_time) values (14, 7, 23, '1:17', '13:14', '1:07');
insert into F18_2_Delivers (rest_id, customer_id, da_id, pickup_time, da_arrival_time, actual_delievery_time) values (46, 11, 3, '16:12', '2:01', '1:54');
insert into F18_2_Delivers (rest_id, customer_id, da_id, pickup_time, da_arrival_time, actual_delievery_time) values (33, 44, 4, '3:19', '5:42', '1:49');
insert into F18_2_Delivers (rest_id, customer_id, da_id, pickup_time, da_arrival_time, actual_delievery_time) values (45, 16, 47, '10:47', '3:29', '1:12');
insert into F18_2_Delivers (rest_id, customer_id, da_id, pickup_time, da_arrival_time, actual_delievery_time) values (17, 24, 15, '5:40', '10:14', '0:03');
insert into F18_2_Delivers (rest_id, customer_id, da_id, pickup_time, da_arrival_time, actual_delievery_time) values (3, 6, 14, '20:15', '13:30', '1:50');
insert into F18_2_Delivers (rest_id, customer_id, da_id, pickup_time, da_arrival_time, actual_delievery_time) values (22, 45, 5, '1:54', '4:59', '0:50');
insert into F18_2_Delivers (rest_id, customer_id, da_id, pickup_time, da_arrival_time, actual_delievery_time) values (4, 15, 9, '18:13', '19:48', '1:44');
insert into F18_2_Delivers (rest_id, customer_id, da_id, pickup_time, da_arrival_time, actual_delievery_time) values (5, 30, 24, '4:41', '2:28', '0:57');
insert into F18_2_Delivers (rest_id, customer_id, da_id, pickup_time, da_arrival_time, actual_delievery_time) values (3, 47, 12, '17:44', '8:34', '0:10');
insert into F18_2_Delivers (rest_id, customer_id, da_id, pickup_time, da_arrival_time, actual_delievery_time) values (31, 27, 24, '10:36', '23:29', '1:00');
insert into F18_2_Delivers (rest_id, customer_id, da_id, pickup_time, da_arrival_time, actual_delievery_time) values (36, 35, 24, '22:58', '14:52', '0:08');
insert into F18_2_Delivers (rest_id, customer_id, da_id, pickup_time, da_arrival_time, actual_delievery_time) values (8, 36, 41, '1:38', '11:53', '1:27');
insert into F18_2_Delivers (rest_id, customer_id, da_id, pickup_time, da_arrival_time, actual_delievery_time) values (8, 50, 18, '20:05', '8:43', '0:23');
insert into F18_2_Delivers (rest_id, customer_id, da_id, pickup_time, da_arrival_time, actual_delievery_time) values (17, 8, 31, '4:28', '5:55', '1:24');
insert into F18_2_Delivers (rest_id, customer_id, da_id, pickup_time, da_arrival_time, actual_delievery_time) values (3, 3, 25, '11:26', '9:55', '0:18');
insert into F18_2_Delivers (rest_id, customer_id, da_id, pickup_time, da_arrival_time, actual_delievery_time) values (39, 33, 16, '16:49', '5:17', '1:16');
insert into F18_2_Delivers (rest_id, customer_id, da_id, pickup_time, da_arrival_time, actual_delievery_time) values (36, 1, 37, '22:11', '8:08', '0:01');
insert into F18_2_Delivers (rest_id, customer_id, da_id, pickup_time, da_arrival_time, actual_delievery_time) values (41, 44, 35, '13:00', '4:33', '0:58');
insert into F18_2_Delivers (rest_id, customer_id, da_id, pickup_time, da_arrival_time, actual_delievery_time) values (36, 44, 47, '13:06', '0:47', '0:36');
insert into F18_2_Delivers (rest_id, customer_id, da_id, pickup_time, da_arrival_time, actual_delievery_time) values (28, 25, 24, '18:58', '23:50', '0:52');
insert into F18_2_Delivers (rest_id, customer_id, da_id, pickup_time, da_arrival_time, actual_delievery_time) values (50, 16, 9, '5:55', '6:21', '0:03');
insert into F18_2_Delivers (rest_id, customer_id, da_id, pickup_time, da_arrival_time, actual_delievery_time) values (8, 2, 10, '3:14', '22:32', '0:28');
insert into F18_2_Delivers (rest_id, customer_id, da_id, pickup_time, da_arrival_time, actual_delievery_time) values (35, 36, 35, '0:05', '12:21', '0:57');
insert into F18_2_Delivers (rest_id, customer_id, da_id, pickup_time, da_arrival_time, actual_delievery_time) values (37, 6, 4, '14:41', '17:24', '0:34');
insert into F18_2_Delivers (rest_id, customer_id, da_id, pickup_time, da_arrival_time, actual_delievery_time) values (10, 8, 39, '4:31', '21:37', '1:24');
insert into F18_2_Delivers (rest_id, customer_id, da_id, pickup_time, da_arrival_time, actual_delievery_time) values (19, 31, 24, '23:15', '3:48', '1:16');
insert into F18_2_Delivers (rest_id, customer_id, da_id, pickup_time, da_arrival_time, actual_delievery_time) values (18, 16, 37, '12:30', '19:49', '1:21');
insert into F18_2_Delivers (rest_id, customer_id, da_id, pickup_time, da_arrival_time, actual_delievery_time) values (22, 50, 6, '11:15', '13:48', '0:21');
insert into F18_2_Delivers (rest_id, customer_id, da_id, pickup_time, da_arrival_time, actual_delievery_time) values (13, 44, 48, '0:53', '19:25', '1:09');
insert into F18_2_Delivers (rest_id, customer_id, da_id, pickup_time, da_arrival_time, actual_delievery_time) values (20, 39, 1, '4:35', '20:14', '0:47');
insert into F18_2_Delivers (rest_id, customer_id, da_id, pickup_time, da_arrival_time, actual_delievery_time) values (16, 29, 39, '13:59', '0:48', '1:42');
insert into F18_2_Delivers (rest_id, customer_id, da_id, pickup_time, da_arrival_time, actual_delievery_time) values (25, 19, 18, '6:23', '6:36', '1:14');
insert into F18_2_Delivers (rest_id, customer_id, da_id, pickup_time, da_arrival_time, actual_delievery_time) values (40, 16, 2, '10:08', '3:53', '1:51');
insert into F18_2_Delivers (rest_id, customer_id, da_id, pickup_time, da_arrival_time, actual_delievery_time) values (21, 50, 24, '3:15', '21:40', '1:20');
insert into F18_2_Delivers (rest_id, customer_id, da_id, pickup_time, da_arrival_time, actual_delievery_time) values (34, 43, 6, '10:27', '8:10', '1:37');
insert into F18_2_Delivers (rest_id, customer_id, da_id, pickup_time, da_arrival_time, actual_delievery_time) values (12, 42, 30, '14:56', '13:57', '0:33');
insert into F18_2_Delivers (rest_id, customer_id, da_id, pickup_time, da_arrival_time, actual_delievery_time) values (42, 21, 9, '23:07', '1:29', '0:33');
insert into F18_2_Delivers (rest_id, customer_id, da_id, pickup_time, da_arrival_time, actual_delievery_time) values (34, 38, 27, '19:51', '18:34', '1:09');
insert into F18_2_Delivers (rest_id, customer_id, da_id, pickup_time, da_arrival_time, actual_delievery_time) values (30, 27, 34, '19:00', '23:47', '1:44');
insert into F18_2_Delivers (rest_id, customer_id, da_id, pickup_time, da_arrival_time, actual_delievery_time) values (50, 44, 16, '22:41', '15:25', '1:45');
insert into F18_2_Delivers (rest_id, customer_id, da_id, pickup_time, da_arrival_time, actual_delievery_time) values (45, 32, 33, '1:10', '15:44', '1:24');
insert into F18_2_Delivers (rest_id, customer_id, da_id, pickup_time, da_arrival_time, actual_delievery_time) values (20, 45, 23, '12:32', '15:19', '1:13');
insert into F18_2_Delivers (rest_id, customer_id, da_id, pickup_time, da_arrival_time, actual_delievery_time) values (41, 2, 2, '21:49', '21:19', '1:52');
insert into F18_2_Delivers (rest_id, customer_id, da_id, pickup_time, da_arrival_time, actual_delievery_time) values (36, 26, 15, '4:07', '16:36', '1:05');
insert into F18_2_Delivers (rest_id, customer_id, da_id, pickup_time, da_arrival_time, actual_delievery_time) values (3, 38, 5, '17:13', '3:04', '0:22');
insert into F18_2_Delivers (rest_id, customer_id, da_id, pickup_time, da_arrival_time, actual_delievery_time) values (13, 35, 2, '2:01', '20:24', '1:09');
insert into F18_2_Delivers (rest_id, customer_id, da_id, pickup_time, da_arrival_time, actual_delievery_time) values (29, 16, 28, '17:28', '0:15', '0:46');
insert into F18_2_Delivers (rest_id, customer_id, da_id, pickup_time, da_arrival_time, actual_delievery_time) values (29, 10, 21, '2:55', '14:11', '0:05');
insert into F18_2_Delivers (rest_id, customer_id, da_id, pickup_time, da_arrival_time, actual_delievery_time) values (46, 25, 38, '13:20', '12:38', '0:24');
insert into F18_2_Delivers (rest_id, customer_id, da_id, pickup_time, da_arrival_time, actual_delievery_time) values (3, 50, 14, '23:28', '12:30', '0:36');
insert into F18_2_Delivers (rest_id, customer_id, da_id, pickup_time, da_arrival_time, actual_delievery_time) values (16, 40, 2, '5:57', '17:20', '0:10');
insert into F18_2_Delivers (rest_id, customer_id, da_id, pickup_time, da_arrival_time, actual_delievery_time) values (15, 43, 46, '14:58', '10:54', '1:23');
insert into F18_2_Delivers (rest_id, customer_id, da_id, pickup_time, da_arrival_time, actual_delievery_time) values (31, 11, 10, '4:35', '2:30', '0:04');
insert into F18_2_Delivers (rest_id, customer_id, da_id, pickup_time, da_arrival_time, actual_delievery_time) values (14, 38, 14, '6:44', '13:30', '1:09');
insert into F18_2_Delivers (rest_id, customer_id, da_id, pickup_time, da_arrival_time, actual_delievery_time) values (49, 9, 18, '17:43', '10:25', '1:54');
insert into F18_2_Delivers (rest_id, customer_id, da_id, pickup_time, da_arrival_time, actual_delievery_time) values (15, 24, 39, '16:18', '18:19', '0:57');
insert into F18_2_Delivers (rest_id, customer_id, da_id, pickup_time, da_arrival_time, actual_delievery_time) values (17, 7, 18, '14:43', '19:02', '1:28');
insert into F18_2_Delivers (rest_id, customer_id, da_id, pickup_time, da_arrival_time, actual_delievery_time) values (18, 21, 11, '12:10', '6:00', '0:56');
insert into F18_2_Delivers (rest_id, customer_id, da_id, pickup_time, da_arrival_time, actual_delievery_time) values (26, 20, 50, '1:04', '23:58', '0:21');
insert into F18_2_Delivers (rest_id, customer_id, da_id, pickup_time, da_arrival_time, actual_delievery_time) values (47, 13, 34, '20:08', '1:18', '0:27');
insert into F18_2_Delivers (rest_id, customer_id, da_id, pickup_time, da_arrival_time, actual_delievery_time) values (15, 33, 34, '10:00', '4:14', '0:24');
insert into F18_2_Delivers (rest_id, customer_id, da_id, pickup_time, da_arrival_time, actual_delievery_time) values (35, 33, 41, '15:51', '5:25', '1:33');
insert into F18_2_Delivers (rest_id, customer_id, da_id, pickup_time, da_arrival_time, actual_delievery_time) values (26, 2, 35, '5:38', '20:45', '0:58');
insert into F18_2_Delivers (rest_id, customer_id, da_id, pickup_time, da_arrival_time, actual_delievery_time) values (24, 25, 12, '12:38', '8:21', '0:11');
insert into F18_2_Delivers (rest_id, customer_id, da_id, pickup_time, da_arrival_time, actual_delievery_time) values (40, 30, 2, '9:41', '22:34', '0:14');
insert into F18_2_Delivers (rest_id, customer_id, da_id, pickup_time, da_arrival_time, actual_delievery_time) values (49, 3, 32, '9:32', '0:26', '0:27');
insert into F18_2_Delivers (rest_id, customer_id, da_id, pickup_time, da_arrival_time, actual_delievery_time) values (12, 6, 12, '17:29', '7:49', '0:01');
insert into F18_2_Delivers (rest_id, customer_id, da_id, pickup_time, da_arrival_time, actual_delievery_time) values (7, 33, 19, '14:52', '16:36', '0:06');
insert into F18_2_Delivers (rest_id, customer_id, da_id, pickup_time, da_arrival_time, actual_delievery_time) values (20, 47, 38, '10:22', '14:26', '0:01');
insert into F18_2_Delivers (rest_id, customer_id, da_id, pickup_time, da_arrival_time, actual_delievery_time) values (1, 37, 46, '12:51', '19:33', '0:02');
insert into F18_2_Delivers (rest_id, customer_id, da_id, pickup_time, da_arrival_time, actual_delievery_time) values (48, 5, 6, '23:09', '18:24', '1:42');
insert into F18_2_Delivers (rest_id, customer_id, da_id, pickup_time, da_arrival_time, actual_delievery_time) values (29, 13, 37, '5:56', '0:16', '1:36');
insert into F18_2_Delivers (rest_id, customer_id, da_id, pickup_time, da_arrival_time, actual_delievery_time) values (35, 21, 27, '0:01', '17:42', '1:29');
insert into F18_2_Delivers (rest_id, customer_id, da_id, pickup_time, da_arrival_time, actual_delievery_time) values (28, 49, 45, '15:33', '21:00', '0:54');
insert into F18_2_Delivers (rest_id, customer_id, da_id, pickup_time, da_arrival_time, actual_delievery_time) values (43, 20, 19, '22:31', '12:04', '0:18');
insert into F18_2_Delivers (rest_id, customer_id, da_id, pickup_time, da_arrival_time, actual_delievery_time) values (37, 46, 8, '8:16', '2:02', '0:16');
insert into F18_2_Delivers (rest_id, customer_id, da_id, pickup_time, da_arrival_time, actual_delievery_time) values (32, 31, 29, '21:09', '3:09', '1:28');
insert into F18_2_Delivers (rest_id, customer_id, da_id, pickup_time, da_arrival_time, actual_delievery_time) values (17, 34, 38, '22:23', '4:46', '0:35');
insert into F18_2_Delivers (rest_id, customer_id, da_id, pickup_time, da_arrival_time, actual_delievery_time) values (30, 25, 25, '21:05', '10:58', '1:10');
insert into F18_2_Delivers (rest_id, customer_id, da_id, pickup_time, da_arrival_time, actual_delievery_time) values (6, 37, 34, '8:21', '3:16', '1:23');
insert into F18_2_Delivers (rest_id, customer_id, da_id, pickup_time, da_arrival_time, actual_delievery_time) values (16, 42, 1, '0:13', '2:18', '1:12');
insert into F18_2_Delivers (rest_id, customer_id, da_id, pickup_time, da_arrival_time, actual_delievery_time) values (24, 36, 48, '13:23', '13:51', '1:29');
insert into F18_2_Delivers (rest_id, customer_id, da_id, pickup_time, da_arrival_time, actual_delievery_time) values (18, 28, 22, '9:43', '20:25', '0:14');
insert into F18_2_Delivers (rest_id, customer_id, da_id, pickup_time, da_arrival_time, actual_delievery_time) values (41, 5, 34, '6:07', '4:50', '0:07');